1-0	1-nsubj	1-nsubj
1-1	20-root	20-root
1-2	11-mark	11-mark
1-3	11-aux	11-aux
1-4	5-amod	5-amod
1-5	11-nsubj	11-nmod
1-6	7-case	7-case
1-7	5-nmod	5-nmod
1-8	10-case	11-advmod
1-9	10-nummod	10-nummod
1-10	11-nmod	11-nmod
1-11	1-ccomp	20-root
1-12	11-dobj	20-root
1-13	12-nmod	12-nmod
1-14	5-punct	15-punct
1-15	18-advmod	18-advmod
1-16	17-discourse	18-mark
1-17	5-cc	18-cc
1-18	5-conj	12-nmod
1-19	1-punct	12-punct

2-0	1-nmod	1-amod
2-1	2-nsubj	2-nmod
2-2	11-root	11-root
2-3	2-aux	4-aux
2-4	2-xcomp	11-root
2-5	4-dobj	4-nmod
2-6	7-case	7-case
2-7	5-nmod	5-nmod
2-8	7-compound	7-cc
2-9	10-compound	5-nmod
2-10	7-compound	4-nmod

3-0	2-nummod	2-amod
3-1	2-amod	2-amod
3-2	6-nsubj	32-root
3-3	4-case	4-case
3-4	2-nmod	2-nmod
3-5	6-cop	11-aux
3-6	32-root	11-nsubj
3-7	11-mark	11-nsubj
3-8	11-dobj	11-nsubj
3-9	11-cop	11-aux
3-10	11-advmod	11-advmod
3-11	6-acl	4-amod
3-12	20-mark	32-mark
3-13	20-nsubj	32-root
3-14	19-mark	32-root
3-15	16-amod	16-amod
3-16	19-nsubjpass	32-root
3-17	19-neg	32-root
3-18	19-auxpass	32-aux
3-19	13-acl	32-root
3-20	11-csubj	19-conj
3-21	20-xcomp	22-aux
3-22	21-xcomp	24-amod
3-23	24-case	24-case
3-24	22-nmod	20-nmod
3-25	22-punct	20-punct
3-26	22-conj	27-amod
3-27	26-dobj	20-nmod
3-28	22-cc	27-cc
3-29	30-amod	30-advmod
3-30	22-conj	27-amod
3-31	6-punct	19-punct

4-0	2-nsubj	2-nsubj
4-1	2-cop	2-aux
4-2	41-root	27-nsubj
4-3	4-punct	2-punct
4-4	2-nmod	27-nsubj
4-5	4-nmod	4-nmod
4-6	4-punct	27-punct
4-7	9-mark	27-nsubj
4-8	9-cop	27-aux
4-9	4-acl	27-nsubj
4-10	9-nsubj	27-nsubj
4-11	10-nmod	10-nmod
4-12	13-cc	13-case
4-13	10-nmod	10-nmod
4-14	17-punct	27-punct
4-15	17-mark	27-nsubj
4-16	17-cop	27-aux
4-17	2-parataxis	27-nsubj
4-18	20-case	20-case
4-19	20-amod	20-amod
4-20	17-nmod	17-nmod
4-21	22-punct	17-punct
4-22	20-nmod	17-nmod
4-23	22-punct	17-punct
4-24	2-punct	17-punct
4-25	2-punct	17-punct
4-26	27-punct	27-punct
4-27	2-parataxis	41-root
4-28	27-aux	32-aux
4-29	30-case	31-case
4-30	27-nmod	31-nummod
4-31	27-nsubj	32-name
4-32	31-name	27-nmod
4-33	34-punct	27-punct
4-34	31-appos	41-root
4-35	34-nmod	36-amod
4-36	35-nmod	41-root
4-37	36-compound	41-root
4-38	39-compound	39-amod
4-39	37-compound	37-nmod
4-40	2-punct	37-punct

5-0	8-nsubj	3-nsubj
5-1	8-aux	3-aux
5-2	3-case	3-case
5-3	8-nmod	8-nsubj
5-4	6-punct	3-punct
5-5	6-nummod	6-nummod
5-6	3-parataxis	3-nmod
5-7	6-punct	3-punct
5-8	39-root	39-root
5-9	8-dobj	8-dobj
5-10	11-case	11-case
5-11	9-nmod	27-nsubj
5-12	11-nmod	11-nmod
5-13	14-nmod	27-nsubj
5-14	12-nmod	27-nsubj
5-15	16-case	16-case
5-16	14-nmod	27-nsubj
5-17	19-amod	19-amod
5-18	19-amod	19-amod
5-19	11-dobj	27-nsubj
5-20	19-nmod	19-nmod
5-21	22-punct	19-punct
5-22	19-appos	19-nmod
5-23	22-punct	19-punct
5-24	25-case	25-case
5-25	27-mark	27-nsubj
5-26	27-nsubj	27-nsubj
5-27	19-acl	8-conj
5-28	33-mark	39-mark
5-29	33-aux	39-aux
5-30	31-case	31-case
5-31	33-nmod	39-root
5-32	33-auxpass	37-aux
5-33	27-ccomp	37-amod
5-34	37-case	37-case
5-35	37-amod	37-amod
5-36	37-advmod	37-advmod
5-37	33-nmod	31-nmod
5-38	8-punct	31-punct

6-0	3-discourse	18-advmod
6-1	3-case	3-case
6-2	3-amod	3-amod
6-3	11-parataxis	18-nmod
6-4	5-det	5-nsubj
6-5	3-nmod	3-nmod
6-6	3-punct	7-punct
6-7	9-amod	9-amod
6-8	9-amod	9-amod
6-9	11-nsubj	18-nmod
6-10	9-appos	9-nmod
6-11	26-root	12-amod
6-12	11-dobj	9-nmod
6-13	14-punct	9-punct
6-14	12-appos	9-nmod
6-15	14-punct	9-punct
6-16	14-name	9-nmod
6-17	18-punct	18-punct
6-18	11-parataxis	26-root
6-19	18-compound	26-root
6-20	18-nsubj	26-root
6-21	20-nmod	26-root
6-22	21-nmod	21-nmod
6-23	24-case	24-case
6-24	22-nmod	22-nmod
6-25	11-punct	21-punct

7-0	1-dobj	1-nsubj
7-1	23-root	23-root
7-2	3-case	3-case
7-3	1-nmod	1-nmod
7-4	6-mark	6-nsubj
7-5	6-compound	6-nsubj
7-6	3-acl	23-root
7-7	6-nsubj	19-nmod
7-8	9-amod	9-amod
7-9	7-nmod	19-nmod
7-10	9-nmod	9-nmod
7-11	15-case	12-case
7-12	15-amod	10-amod
7-13	12-cc	12-cc
7-14	12-conj	15-amod
7-15	7-nmod	12-nmod
7-16	1-punct	12-punct
7-17	1-punct	9-punct
7-18	19-punct	19-punct
7-19	1-parataxis	23-root
7-20	19-aux	21-aux
7-21	19-nsubj	19-nmod
7-22	1-punct	19-punct

8-0	3-advmod	13-root
8-1	3-discourse	0-cc
8-2	3-case	3-case
8-3	7-nmod	13-root
8-4	5-amod	5-amod
8-5	3-nmod	3-nmod
8-6	3-punct	13-punct
8-7	13-root	13-root
8-8	7-cop	13-aux
8-9	10-amod	10-amod
8-10	7-nsubj	13-root
8-11	10-nmod	10-nmod
8-12	7-punct	10-punct

9-0	2-parataxis	16-root
9-1	0-punct	16-punct
9-2	16-root	16-root
9-3	2-cop	16-aux
9-4	2-advmod	16-root
9-5	2-nsubj	16-root
9-6	7-nmod	16-root
9-7	5-nmod	16-root
9-8	7-compound	7-nmod
9-9	11-compound	11-case
9-10	11-compound	11-amod
9-11	7-compound	7-nmod
9-12	13-case	13-case
9-13	5-nmod	16-root
9-14	13-appos	13-nmod
9-15	2-punct	13-punct

10-0	1-amod	1-amod
10-1	2-nsubj	2-nsubj
10-2	16-root	16-root
10-3	7-mark	7-mark
10-4	7-aux	7-aux
10-5	6-amod	6-amod
10-6	7-nsubj	7-nmod
10-7	2-ccomp	16-root
10-8	9-compound	9-nummod
10-9	10-nummod	16-root
10-10	7-dobj	9-nmod
10-11	13-case	13-case
10-12	13-amod	13-amod
10-13	7-nmod	9-nmod
10-14	15-case	15-case
10-15	13-nmod	9-nmod

11-0	8-nsubj	8-nmod
11-1	8-aux	3-aux
11-2	3-case	3-case
11-3	8-nmod	0-nmod
11-4	6-punct	0-punct
11-5	6-nummod	6-nummod
11-6	3-parataxis	0-nmod
11-7	6-punct	0-punct
11-8	30-root	30-root
11-9	8-dobj	20-nsubj
11-10	9-nmod	9-nmod
11-11	12-mwe	20-mark
11-12	20-mark	20-mark
11-13	20-aux	20-aux
11-14	15-amod	15-amod
11-15	20-nsubj	20-nsubj
11-16	15-nmod	20-nsubj
11-17	16-nmod	19-name
11-18	15-appos	19-name
11-19	18-name	20-nsubj
11-20	8-advcl	30-root
11-21	22-amod	22-amod
11-22	20-dobj	20-dobj
11-23	24-case	24-case
11-24	22-nmod	30-root
11-25	24-nmod	24-nmod
11-26	28-case	27-case
11-27	28-det	28-nsubj
11-28	24-nmod	24-nmod
11-29	8-punct	24-punct

12-0	3-nsubj	16-root
12-1	3-cop	16-aux
12-2	3-case	3-case
12-3	16-root	16-root
12-4	9-mark	16-root
12-5	9-cop	16-aux
12-6	7-amod	7-amod
12-7	9-nsubj	16-root
12-8	9-discourse	9-advmod
12-9	3-acl	7-amod
12-10	12-case	11-case
12-11	12-nmod	16-root
12-12	9-nmod	16-root
12-13	14-case	14-case
12-14	12-nmod	12-nmod
12-15	3-punct	12-punct

13-0	10-nsubj	10-nmod
13-1	2-case	2-case
13-2	0-nmod	10-nmod
13-3	2-nmod	2-nmod
13-4	5-case	5-case
13-5	0-nmod	3-nmod
13-6	5-cc	5-cc
13-7	5-conj	3-nmod
13-8	10-advmod	10-advmod
13-9	10-aux	10-aux
13-10	14-root	12-cop
13-11	10-xcomp	12-aux
13-12	11-xcomp	14-root
13-13	10-punct	12-punct

14-0	10-nsubj	10-nmod
14-1	2-compound	2-amod
14-2	0-nmod	0-nmod
14-3	4-case	4-case
14-4	2-nmod	2-nmod
14-5	4-compound	4-cc
14-6	7-compound	10-nsubj
14-7	4-compound	10-nsubj
14-8	0-appos	10-nsubj
14-9	8-name	10-nsubj
14-10	28-root	28-root
14-11	10-aux	28-aux
14-12	13-nummod	13-nummod
14-13	10-nmod	28-root
14-14	18-mark	28-mark
14-15	18-cop	28-aux
14-16	17-det	28-root
14-17	18-nsubj	28-root
14-18	10-ccomp	28-root
14-19	20-amod	20-amod
14-20	18-nmod	18-nmod
14-21	20-cc	20-cc
14-22	20-conj	28-root
14-23	24-amod	24-amod
14-24	22-nmod	22-nmod
14-25	26-case	26-case
14-26	24-nmod	24-nmod
14-27	10-punct	22-punct

15-0	2-mark	2-nsubj
15-1	2-compound	2-nsubj
15-2	18-parataxis	8-advcl
15-3	2-dobj	2-nmod
15-4	5-case	5-case
15-5	3-nmod	3-nmod
15-6	8-mark	8-nsubj
15-7	8-aux	8-aux
15-8	3-acl	35-root
15-9	8-xcomp	35-root
15-10	8-nsubj	9-nmod
15-11	10-cc	10-cc
15-12	13-nummod	18-nsubj
15-13	10-conj	18-nsubj
15-14	13-appos	13-nmod
15-15	2-punct	18-punct
15-16	18-nsubj	18-nsubj
15-17	18-aux	18-aux
15-18	35-root	35-root
15-19	18-dobj	18-dobj
15-20	21-compound	21-case
15-21	19-compound	18-dobj
15-22	23-compound	23-case
15-23	21-compound	21-nmod
15-24	27-punct	27-punct
15-25	27-mark	27-nsubj
15-26	27-nsubj	27-nsubj
15-27	19-acl	35-root
15-28	27-dobj	27-dobj
15-29	28-cc	28-cc
15-30	28-conj	27-dobj
15-31	33-case	33-case
15-32	33-amod	33-amod
15-33	27-nmod	30-nmod
15-34	18-punct	27-punct

16-0	2-amod	44-root
16-1	3-aux	3-aux
16-2	3-nsubj	3-nsubj
16-3	44-root	0-conj
16-4	5-advmod	6-advmod
16-5	6-nummod	6-nummod
16-6	3-dobj	3-dobj
16-7	8-punct	3-punct
16-8	6-appos	3-dobj
16-9	10-case	10-case
16-10	8-nmod	44-root
16-11	10-nmod	10-nmod
16-12	14-case	14-case
16-13	14-amod	14-amod
16-14	11-nmod	11-nmod
16-15	10-cc	14-cc
16-16	10-conj	10-nmod
16-17	18-case	18-case
16-18	16-nmod	10-nmod
16-19	8-punct	44-punct
16-20	21-discourse	44-mark
16-21	8-cc	22-cc
16-22	8-conj	44-root
16-23	25-case	25-case
16-24	25-amod	25-amod
16-25	22-nmod	22-nmod
16-26	28-case	28-case
16-27	28-amod	28-amod
16-28	25-nmod	44-root
16-29	30-amod	30-amod
16-30	28-nmod	28-nmod
16-31	28-cc	30-cc
16-32	28-conj	44-root
16-33	32-nmod	44-root
16-34	32-nmod	33-nmod
16-35	36-case	36-case
16-36	25-nmod	44-root
16-37	36-nmod	36-nmod
16-38	42-amod	37-amod
16-39	38-cc	38-cc
16-40	41-nummod	42-amod
16-41	38-conj	42-amod
16-42	37-nmod	37-nmod
16-43	3-punct	36-punct

17-0	12-root	12-root
17-1	0-compound	7-nsubj
17-2	0-dobj	7-nmod
17-3	7-mark	7-nsubj
17-4	7-aux	7-aux
17-5	7-compound	7-nsubj
17-6	7-dobj	7-nmod
17-7	2-acl	12-root
17-8	7-nsubj	12-root
17-9	10-amod	10-amod
17-10	8-nmod	8-nmod
17-11	0-punct	8-punct

18-0	2-nsubj	2-nsubj
18-1	2-aux	2-aux
18-2	13-root	13-root
18-3	4-amod	4-amod
18-4	2-dobj	13-root
18-5	4-nmod	13-root
18-6	2-iobj	13-root
18-7	6-nmod	6-nmod
18-8	6-acl	11-amod
18-9	11-case	11-case
18-10	11-amod	11-amod
18-11	8-nmod	6-nmod
18-12	2-punct	6-punct

19-0	43-root	43-root
19-1	0-compound	5-nsubj
19-2	24-mark	5-mark
19-3	24-aux	5-aux
19-4	5-amod	5-amod
19-5	24-nsubj	0-dobj
19-6	10-punct	10-punct
19-7	10-mark	10-nsubj
19-8	10-aux	10-aux
19-9	10-compound	10-nsubj
19-10	5-acl	0-conj
19-11	12-case	12-case
19-12	10-nmod	10-nmod
19-13	10-nmod	14-advmod
19-14	13-nmod	10-nmod
19-15	17-mark	17-mark
19-16	17-aux	17-aux
19-17	10-advcl	43-root
19-18	19-nummod	19-nummod
19-19	17-dobj	24-nsubj
19-20	19-nmod	24-nsubj
19-21	22-compound	22-amod
19-22	20-nmod	20-nmod
19-23	10-punct	20-punct
19-24	0-csubj	43-root
19-25	26-amod	26-amod
19-26	24-dobj	24-dobj
19-27	28-case	28-case
19-28	30-mark	30-nsubj
19-29	30-compound	30-nsubj
19-30	26-acl	24-conj
19-31	34-punct	30-punct
19-32	34-punct	30-punct
19-33	34-amod	34-amod
19-34	30-nsubj	30-dobj
19-35	34-punct	30-punct
19-36	34-punct	30-punct
19-37	34-nmod	30-dobj
19-38	37-cc	37-cc
19-39	41-nmod	41-nsubj
19-40	41-amod	41-amod
19-41	37-conj	37-nmod
19-42	0-punct	24-punct

20-0	2-discourse	2-cc
20-1	0-punct	2-punct
20-2	35-root	35-root
20-3	2-mark	9-mark
20-4	5-det	9-nsubj
20-5	2-nsubj	9-nmod
20-6	5-nmod	9-nmod
20-7	6-nmod	6-nmod
20-8	9-advmod	9-advmod
20-9	2-xcomp	2-conj
20-10	9-dobj	28-nsubj
20-11	31-mark	28-advmod
20-12	31-cop	28-aux
20-13	14-amod	14-amod
20-14	31-nsubj	28-nsubj
20-15	14-nmod	14-nmod
20-16	14-punct	14-punct
20-17	14-conj	28-nsubj
20-18	17-nmod	17-nmod
20-19	18-cc	18-cc
20-20	18-conj	18-nmod
20-21	14-cc	20-cc
20-22	14-conj	28-nsubj
20-23	22-nmod	22-nmod
20-24	26-case	26-case
20-25	26-nummod	26-nummod
20-26	22-nmod	23-nmod
20-27	28-mark	28-nsubj
20-28	22-acl	2-ccomp
20-29	28-xcomp	2-conj
20-30	31-advmod	29-cc
20-31	2-advcl	35-root
20-32	33-amod	33-amod
20-33	31-nmod	31-nmod
20-34	2-punct	31-punct

21-0	4-punct	4-punct
21-1	4-punct	4-punct
21-2	4-nsubj	4-nsubj
21-3	4-cop	4-aux
21-4	36-root	7-amod
21-5	4-punct	4-punct
21-6	7-det	7-amod
21-7	8-nsubj	8-nsubj
21-8	4-conj	36-root
21-9	12-punct	21-punct
21-10	12-mark	21-nsubj
21-11	12-cop	21-aux
21-12	4-parataxis	21-nsubj
21-13	14-case	14-case
21-14	21-mark	17-nsubj
21-15	21-dobj	17-nsubj
21-16	21-aux	17-aux
21-17	19-amod	12-amod
21-18	19-punct	17-punct
21-19	21-nsubj	12-nmod
21-20	19-punct	21-punct
21-21	12-acl	8-ccomp
21-22	23-mark	23-mark
21-23	21-ccomp	8-conj
21-24	25-case	25-case
21-25	23-nmod	23-nmod
21-26	27-nmod	27-nmod
21-27	25-nmod	25-nmod
21-28	21-punct	23-punct
21-29	21-cc	23-cc
21-30	32-nsubj	32-nsubj
21-31	32-aux	32-aux
21-32	21-conj	8-ccomp
21-33	32-xcomp	8-conj
21-34	33-advmod	33-advmod
21-35	4-punct	8-punct

22-0	2-nsubj	2-nsubj
22-1	2-aux	2-aux
22-2	10-root	10-root
22-3	2-dobj	2-nmod
22-4	2-cc	2-cc
22-5	2-conj	10-root
22-6	5-dobj	5-dobj
22-7	8-case	8-case
22-8	5-nmod	6-nmod
22-9	2-punct	5-punct

23-0	1-nsubj	1-nsubj
23-1	8-root	8-root
23-2	1-dobj	8-root
23-3	2-nmod	2-nmod
23-4	6-case	6-case
23-5	6-amod	6-amod
23-6	2-nmod	2-nmod
23-7	1-punct	2-punct

24-0	8-dobj	8-nsubj
24-1	8-aux	3-aux
24-2	3-case	3-case
24-3	8-nmod	0-nmod
24-4	6-punct	0-punct
24-5	6-nummod	6-nummod
24-6	3-parataxis	0-nmod
24-7	6-punct	0-punct
24-8	18-root	18-root
24-9	8-nsubj	8-dobj
24-10	11-case	11-case
24-11	9-nmod	18-root
24-12	11-nmod	18-root
24-13	12-nmod	18-root
24-14	9-appos	16-name
24-15	14-compound	16-name
24-16	14-compound	13-nmod
24-17	8-punct	13-punct

25-0	6-nsubj	6-nsubj
25-1	0-nmod	0-nmod
25-2	1-cc	1-cc
25-3	1-conj	6-nsubj
25-4	0-appos	5-name
25-5	4-name	3-nmod
25-6	29-root	13-advcl
25-7	13-mark	9-mark
25-8	13-compound	9-nsubj
25-9	13-nsubj	6-dobj
25-10	9-cc	9-cc
25-11	9-conj	6-nmod
25-12	13-neg	13-mark
25-13	6-ccomp	29-root
25-14	13-xcomp	13-ccomp
25-15	16-mark	16-mark
25-16	14-ccomp	29-root
25-17	18-amod	18-amod
25-18	16-dobj	16-dobj
25-19	6-punct	16-punct
25-20	6-cc	16-cc
25-21	6-conj	16-conj
25-22	27-mark	27-mark
25-23	27-aux	27-aux
25-24	25-nmod	27-nsubj
25-25	27-nsubjpass	27-nsubj
25-26	27-auxpass	27-aux
25-27	21-ccomp	21-conj
25-28	6-punct	16-punct

26-0	5-nsubj	5-nsubj
26-1	2-amod	2-amod
26-2	0-nmod	5-nsubj
26-3	4-compound	4-amod
26-4	2-nmod	5-nsubj
26-5	11-root	11-root
26-6	8-mark	8-advmod
26-7	8-aux	8-aux
26-8	5-advcl	11-root
26-9	8-dobj	8-nmod
26-10	5-punct	8-punct

27-0	1-amod	1-amod
27-1	8-nsubj	23-nsubj
27-2	8-cop	8-aux
27-3	8-aux	8-aux
27-4	6-punct	6-punct
27-5	6-case	6-case
27-6	8-parataxis	8-nsubj
27-7	6-punct	6-punct
27-8	32-root	1-amod
27-9	10-case	10-case
27-10	8-nmod	23-nsubj
27-11	12-det	12-amod
27-12	10-nmod	23-nsubj
27-13	14-amod	14-amod
27-14	12-nmod	12-nmod
27-15	10-acl	14-amod
27-16	17-case	17-case
27-17	15-nmod	12-nmod
27-18	19-case	19-case
27-19	17-nmod	12-nmod
27-20	23-punct	23-punct
27-21	23-mark	23-mark
27-22	23-aux	23-aux
27-23	8-advcl	32-root
27-24	23-xcomp	32-root
27-25	26-amod	26-amod
27-26	24-dobj	24-dobj
27-27	29-case	28-case
27-28	29-nmod	32-root
27-29	26-nmod	32-root
27-30	29-nmod	29-nmod
27-31	8-punct	29-punct

28-0	1-nsubj	1-nsubj
28-1	25-root	25-root
28-2	4-advmod	4-case
28-3	4-compound	4-nummod
28-4	5-nummod	12-nsubj
28-5	1-nmod	4-nmod
28-6	12-punct	4-punct
28-7	8-case	8-case
28-8	12-mark	12-nsubj
28-9	12-aux	12-aux
28-10	11-nummod	11-nummod
28-11	12-nmod	12-nsubj
28-12	5-acl	1-conj
28-13	14-punct	12-punct
28-14	12-nsubj	12-nmod
28-15	14-punct	12-punct
28-16	17-case	17-case
28-17	12-nmod	12-nmod
28-18	19-nmod	25-root
28-19	17-nmod	25-root
28-20	19-appos	19-nmod
28-21	23-case	23-case
28-22	23-amod	23-amod
28-23	19-nmod	19-nmod
28-24	1-punct	19-punct

29-0	11-nsubj	13-root
29-1	0-nmod	0-nmod
29-2	0-cc	1-cc
29-3	4-amod	4-amod
29-4	0-conj	13-root
29-5	4-nmod	13-root
29-6	4-appos	11-nsubj
29-7	6-name	11-nsubj
29-8	11-cop	11-aux
29-9	11-aux	11-aux
29-10	11-amod	11-amod
29-11	13-root	5-nmod
29-12	11-punct	5-punct

30-0	16-root	8-cop
30-1	0-mark	2-advmodCOLemph
30-2	0-nsubj	0-nmod
30-3	2-punct	2-punct
30-4	2-conj	0-nmod
30-5	2-cc	4-cc
30-6	2-conj	7-nsubj
30-7	0-xcomp	8-cop
30-8	12-amod	12-amod
30-9	12-punct	8-punct
30-10	12-punct	8-punct
30-11	12-amod	12-amod
30-12	7-xcomp	16-root
30-13	12-punct	12-punct
30-14	12-punct	12-punct
30-15	0-punct	12-punct

31-0	3-advmod	3-advmod
31-1	3-case	3-case
31-2	3-nummod	3-nummod
31-3	7-nsubj	7-nmod
31-4	6-case	6-case
31-5	6-amod	6-amod
31-6	3-nmod	7-nmod
31-7	35-root	35-root
31-8	7-aux	26-aux
31-9	7-dobj	26-nsubj
31-10	13-case	13-case
31-11	13-amod	13-amod
31-12	13-amod	13-amod
31-13	7-nmod	9-nmod
31-14	16-case	16-case
31-15	16-amod	16-amod
31-16	13-nmod	26-nsubj
31-17	16-appos	16-nmod
31-18	19-punct	21-punct
31-19	16-advmod	21-advmod
31-20	21-case	21-case
31-21	19-nmod	16-nmod
31-22	19-punct	26-punct
31-23	7-cc	26-mark
31-24	26-compound	26-nsubj
31-25	26-nsubj	26-nsubj
31-26	7-conj	7-conj
31-27	28-case	28-case
31-28	26-nmod	35-root
31-29	28-appos	28-nmod
31-30	32-case	32-case
31-31	32-amod	32-amod
31-32	28-nmod	35-root
31-33	32-nmod	32-nmod
31-34	7-punct	32-punct

32-0	1-amod	1-amod
32-1	6-nsubj	3-nsubj
32-2	3-punct	1-punct
32-3	6-parataxis	10-cop
32-4	3-nsubj	3-nmod
32-5	3-punct	3-punct
32-6	12-root	10-aux
32-7	10-mark	10-nsubj
32-8	10-nsubj	10-nsubj
32-9	10-cop	10-aux
32-10	6-ccomp	12-root
32-11	6-punct	10-punct

33-0	7-punct	1-punct
33-1	7-punct	3-punct
33-2	3-mark	3-mark
33-3	7-advcl	7-advcl
33-4	5-case	5-case
33-5	3-nmod	3-nmod
33-6	3-punct	3-punct
33-7	23-root	23-root
33-8	7-xcomp	23-root
33-9	7-dobj	8-dobj
33-10	12-case	11-case
33-11	12-nummod	19-nmod
33-12	9-nmod	11-nmod
33-13	14-case	14-case
33-14	9-nmod	19-nmod
33-15	14-nmod	14-nmod
33-16	7-punct	14-punct
33-17	7-punct	14-punct
33-18	19-punct	19-punct
33-19	7-parataxis	23-root
33-20	19-aux	21-aux
33-21	19-nsubj	19-nmod
33-22	7-punct	19-punct

34-0	2-advmod	3-mark
34-1	2-cop	3-aux
34-2	13-root	3-advmod
34-3	2-nsubj	13-root
34-4	3-compound	7-nsubj
34-5	7-case	7-case
34-6	7-amod	7-amod
34-7	3-nmod	3-nmod
34-8	9-punct	3-punct
34-9	2-parataxis	13-root
34-10	11-amod	11-amod
34-11	9-nsubj	9-nmod
34-12	2-punct	9-punct

35-0	4-punct	10-punct
35-1	4-punct	10-punct
35-2	4-nsubj	10-nmod
35-3	4-cop	10-aux
35-4	12-root	6-name
35-5	4-cc	4-cc
35-6	4-conj	10-name
35-7	8-case	8-case
35-8	4-nmod	10-name
35-9	8-name	10-name
35-10	8-name	12-root
35-11	4-punct	10-punct

36-0	6-nsubj	6-nsubj
36-1	2-case	2-case
36-2	6-nmod	6-nsubj
36-3	6-aux	6-aux
36-4	6-cop	6-aux
36-5	6-amod	6-amod
36-6	15-root	9-nsubj
36-7	6-punct	6-punct
36-8	6-cc	6-cc
36-9	6-conj	15-root
36-10	13-mark	13-mark
36-11	13-aux	13-aux
36-12	13-advmod	13-advmod
36-13	9-ccomp	9-advcl
36-14	6-punct	9-punct

37-0	3-nsubjpass	36-nmod
37-1	0-nmod	36-nmod
37-2	1-nmod	36-nmod
37-3	41-root	2-amod
37-4	3-auxpass	36-aux
37-5	6-case	6-case
37-6	3-nmod	36-nmod
37-7	6-nummod	6-nummod
37-8	28-punct	14-punct
37-9	10-mwe	14-mark
37-10	28-mark	14-mark
37-11	28-auxpass	14-aux
37-12	14-amod	14-amod
37-13	14-amod	14-amod
37-14	28-nsubjpass	6-nmod
37-15	19-punct	36-punct
37-16	19-mark	36-nsubj
37-17	19-aux	36-aux
37-18	19-nsubj	36-nmod
37-19	14-acl	18-amod
37-20	21-case	21-case
37-21	19-nmod	36-nmod
37-22	21-appos	21-nmod
37-23	24-case	24-case
37-24	19-nmod	36-nmod
37-25	26-amod	26-amod
37-26	24-nmod	24-nmod
37-27	19-punct	28-punct
37-28	3-advcl	24-amod
37-29	30-case	30-case
37-30	28-nmod	36-nmod
37-31	30-nmod	30-nmod
37-32	36-punct	36-punct
37-33	36-mark	36-advmod
37-34	36-dobj	36-nsubj
37-35	36-aux	36-aux
37-36	28-advcl	41-root
37-37	39-amod	39-amod
37-38	39-amod	39-amod
37-39	36-nsubj	36-nmod
37-40	3-punct	36-punct

38-0	1-amod	1-amod
38-1	3-nsubj	3-nmod
38-2	1-nmod	3-nmod
38-3	16-root	16-root
38-4	3-aux	10-aux
38-5	3-dobj	10-nsubj
38-6	10-mark	10-mark
38-7	9-case	9-case
38-8	9-amod	9-amod
38-9	10-nmod	10-nsubj
38-10	3-ccomp	16-root
38-11	10-dobj	10-dobj
38-12	13-case	13-case
38-13	11-nmod	16-root
38-14	13-nmod	13-nmod
38-15	3-punct	13-punct

39-0	1-amod	1-amod
39-1	2-nsubj	2-nsubj
39-2	31-root	31-root
39-3	2-aux	12-aux
39-4	12-mark	12-mark
39-5	12-aux	12-aux
39-6	12-nsubj	12-nsubj
39-7	11-case	8-case
39-8	11-nummod	6-nummod
39-9	8-cc	6-cc
39-10	8-conj	11-nummod
39-11	12-nmod	12-nsubj
39-12	2-ccomp	31-root
39-13	14-amod	14-amod
39-14	12-dobj	12-dobj
39-15	18-case	16-case
39-16	18-nmod	18-nsubj
39-17	18-amod	18-amod
39-18	14-nmod	14-nmod
39-19	12-punct	12-punct
39-20	12-cc	12-cc
39-21	27-mark	27-mark
39-22	27-iobj	27-nsubj
39-23	24-amod	24-amod
39-24	27-nsubj	27-nmod
39-25	27-neg	27-mark
39-26	27-aux	27-aux
39-27	12-conj	31-root
39-28	27-dobj	31-root
39-29	28-nmod	28-nmod
39-30	2-punct	28-punct

40-0	2-aux	2-aux
40-1	2-advmod	2-advmod
40-2	6-root	6-root
40-3	4-case	4-case
40-4	2-nmod	2-nmod
40-5	2-punct	2-punct

41-0	1-amod	1-amod
41-1	6-nsubj	6-nmod
41-2	1-appos	1-nmod
41-3	4-punct	1-punct
41-4	1-appos	1-nmod
41-5	4-punct	6-punct
41-6	26-root	26-root
41-7	6-aux	26-aux
41-8	9-nmod	26-root
41-9	6-dobj	26-root
41-10	11-case	11-case
41-11	6-nmod	9-nmod
41-12	6-xcomp	26-root
41-13	18-mark	26-mark
41-14	16-det	26-root
41-15	16-amod	16-amod
41-16	18-nsubj	26-root
41-17	18-aux	18-aux
41-18	12-ccomp	16-nmod
41-19	18-punct	26-punct
41-20	18-cc	26-root
41-21	18-conj	26-root
41-22	21-nmod	26-root
41-23	24-amod	24-amod
41-24	22-nmod	22-nmod
41-25	6-punct	22-punct

42-0	1-advmod	2-advmod
42-1	2-nummod	2-nummod
42-2	8-nsubj	8-nmod
42-3	6-punct	6-punct
42-4	6-advmod	6-advmod
42-5	6-case	6-case
42-6	2-parataxis	2-nmod
42-7	6-punct	8-punct
42-8	29-root	29-root
42-9	8-aux	18-aux
42-10	11-amod	11-amod
42-11	8-nmod	18-nsubj
42-12	13-case	13-case
42-13	8-nmod	11-nmod
42-14	8-punct	11-punct
42-15	8-cc	11-cc
42-16	17-nummod	11-nummod
42-17	18-nsubj	18-nsubj
42-18	8-conj	29-root
42-19	18-aux	22-aux
42-20	22-case	22-case
42-21	22-amod	22-amod
42-22	18-nmod	18-dobj
42-23	22-punct	18-punct
42-24	22-appos	29-root
42-25	26-amod	26-amod
42-26	24-nmod	29-root
42-27	24-appos	26-nmod
42-28	8-punct	26-punct

43-0	4-nummod	16-nsubj
43-1	5-cop	16-aux
43-2	4-case	4-case
43-3	4-amod	4-amod
43-4	5-nsubj	16-nsubj
43-5	21-root	16-nsubj
43-6	7-amod	7-amod
43-7	5-nmod	5-nmod
43-8	9-case	9-case
43-9	7-nmod	16-nsubj
43-10	9-nmod	16-nsubj
43-11	10-nmod	10-nmod
43-12	16-mark	16-nsubj
43-13	14-nmod	16-nsubj
43-14	16-dobj	16-nsubj
43-15	16-neg	16-mark
43-16	11-acl	21-root
43-17	19-case	19-case
43-18	19-amod	19-amod
43-19	16-nmod	16-nmod
43-20	5-punct	16-punct

44-0	7-parataxis	7-nsubj
44-1	0-punct	0-punct
44-2	3-amod	3-amod
44-3	7-nsubj	7-nsubj
44-4	5-det	7-nsubj
44-5	3-nmod	7-nsubj
44-6	7-neg	7-mark
44-7	15-root	15-root
44-8	9-amod	9-amod
44-9	7-dobj	7-dobj
44-10	13-case	11-case
44-11	13-nmod	13-nsubj
44-12	13-amod	13-amod
44-13	7-nmod	9-nmod
44-14	7-punct	7-punct

45-0	1-amod	1-amod
45-1	6-nmod	6-nsubj
45-2	3-case	4-case
45-3	1-nmod	4-nummod
45-4	6-nsubj	1-nmod
45-5	6-compound	6-nsubj
45-6	23-root	23-root
45-7	6-xcomp	23-root
45-8	9-amod	9-amod
45-9	7-dobj	15-nsubj
45-10	9-nmod	9-nmod
45-11	13-case	13-case
45-12	13-amod	13-amod
45-13	9-nmod	9-nmod
45-14	6-cc	9-cc
45-15	6-conj	7-conj
45-16	15-dobj	23-root
45-17	15-compound	23-root
45-18	19-nummod	23-root
45-19	15-nsubj	18-nmod
45-20	19-cc	19-cc
45-21	19-conj	19-nmod
45-22	6-punct	18-punct

46-0	39-root	9-advcl
46-1	0-compound	9-nsubj
46-2	9-mark	9-mark
46-3	9-aux	9-aux
46-4	9-compound	5-nsubj
46-5	9-nsubj	9-nsubj
46-6	7-case	7-case
46-7	5-nmod	9-nsubj
46-8	7-nmod	9-nsubj
46-9	0-ccomp	10-advcl
46-10	9-xcomp	39-root
46-11	19-punct	28-punct
46-12	19-mark	28-mark
46-13	12-mwe	28-mark
46-14	19-aux	28-aux
46-15	19-nsubj	28-nsubj
46-16	17-amod	17-amod
46-17	19-nmod	28-nsubj
46-18	19-cop	28-aux
46-19	10-advcl	28-nsubj
46-20	19-nmod	19-nmod
46-21	28-punct	28-punct
46-22	28-mark	28-mark
46-23	22-mwe	28-mark
46-24	28-aux	28-aux
46-25	28-nsubj	28-nsubj
46-26	25-appos	27-name
46-27	26-name	25-nmod
46-28	19-advcl	10-conj
46-29	30-case	30-case
46-30	28-nmod	28-nmod
46-31	32-case	32-case
46-32	30-nmod	30-nmod
46-33	34-case	34-case
46-34	28-nmod	30-nmod
46-35	36-punct	28-punct
46-36	34-appos	28-dobj
46-37	36-punct	28-punct
46-38	0-punct	10-punct

47-0	3-nsubj	3-nsubj
47-1	0-nmod	3-nsubj
47-2	1-nmod	3-nsubj
47-3	19-root	19-root
47-4	3-aux	11-aux
47-5	6-case	6-case
47-6	3-nmod	11-nsubj
47-7	8-case	8-case
47-8	3-nmod	11-nsubj
47-9	8-nmod	8-nmod
47-10	3-cc	8-cc
47-11	3-conj	19-root
47-12	11-dobj	11-dobj
47-13	15-case	15-case
47-14	15-amod	15-amod
47-15	12-nmod	19-root
47-16	15-nmod	19-root
47-17	16-nmod	16-nmod
47-18	3-punct	16-punct

48-0	2-case	2-case
48-1	2-amod	2-amod
48-2	6-nmod	21-root
48-3	2-punct	2-punct
48-4	5-nummod	5-nummod
48-5	6-nmod	21-root
48-6	21-root	10-aux
48-7	6-aux	10-aux
48-8	10-nummod	10-nummod
48-9	10-amod	10-amod
48-10	6-nsubj	5-nmod
48-11	6-punct	5-punct
48-12	13-nummod	13-nummod
48-13	5-remnant	5-nmod
48-14	8-remnant	13-nummod
48-15	6-punct	5-punct
48-16	6-cc	5-cc
48-17	18-det	21-root
48-18	13-remnant	21-root
48-19	14-remnant	18-nummod
48-20	6-punct	18-punct

49-0	2-nsubj	2-nsubj
49-1	2-aux	2-aux
49-2	20-root	20-root
49-3	2-xcomp	2-conj
49-4	5-det	5-nsubj
49-5	3-dobj	3-dobj
49-6	2-punct	3-punct
49-7	2-cc	3-cc
49-8	12-nsubj	12-nsubj
49-9	12-aux	12-aux
49-10	12-cop	12-aux
49-11	12-amod	12-amod
49-12	2-conj	3-dobj
49-13	2-punct	3-punct
49-14	2-punct	3-punct
49-15	16-punct	2-punct
49-16	2-parataxis	20-root
49-17	16-aux	18-aux
49-18	16-nsubj	16-nmod
49-19	2-punct	16-punct

50-0	1-amod	1-amod
50-1	3-nsubj	3-nmod
50-2	1-appos	3-nsubj
50-3	5-root	5-root
50-4	3-dobj	3-nmod

51-0	1-amod	1-amod
51-1	11-nsubj	11-nsubj
51-2	1-appos	4-name
51-3	2-name	4-name
51-4	2-name	1-nmod
51-5	1-cc	4-cc
51-6	8-nmod	11-nsubj
51-7	8-amod	8-amod
51-8	1-conj	11-nsubj
51-9	8-appos	11-nsubj
51-10	9-name	11-nsubj
51-11	19-root	19-root
51-12	11-aux	15-aux
51-13	15-mark	15-mark
51-14	15-aux	15-aux
51-15	11-ccomp	19-root
51-16	17-amod	17-amod
51-17	15-dobj	15-nmod
51-18	11-punct	15-punct

52-0	6-nsubj	3-name
52-1	0-cc	0-cc
52-2	3-amod	3-amod
52-3	0-conj	6-nsubj
52-4	6-advmod	6-advmod
52-5	6-compound	6-nsubj
52-6	28-root	28-root
52-7	6-dobj	24-nsubj
52-8	9-amod	9-amod
52-9	7-nmod	7-nmod
52-10	9-cc	9-cc
52-11	9-conj	7-nmod
52-12	13-case	13-case
52-13	7-nmod	7-nmod
52-14	16-case	16-case
52-15	16-amod	16-amod
52-16	13-nmod	13-nmod
52-17	18-punct	24-punct
52-18	6-xcomp	24-advmod
52-19	24-mark	24-mark
52-20	21-advmod	24-advmod
52-21	24-nsubj	24-nsubj
52-22	23-amod	23-amod
52-23	21-nmod	21-nmod
52-24	18-ccomp	6-conj
52-25	26-case	26-case
52-26	24-nmod	24-nmod
52-27	6-punct	6-punct

53-0	1-nsubj	1-nmod
53-1	24-root	24-root
53-2	1-dobj	6-nsubj
53-3	2-nmod	2-nmod
53-4	6-punct	6-punct
53-5	6-mark	6-nsubj
53-6	2-acl	24-root
53-7	8-amod	8-amod
53-8	6-dobj	6-dobj
53-9	8-cc	8-cc
53-10	8-conj	6-dobj
53-11	13-case	13-case
53-12	13-amod	13-amod
53-13	6-nmod	24-root
53-14	15-amod	15-amod
53-15	13-nmod	13-nmod
53-16	17-case	17-case
53-17	15-nmod	15-nmod
53-18	13-punct	13-punct
53-19	13-cc	13-cc
53-20	13-conj	24-root
53-21	22-amod	22-amod
53-22	20-nmod	20-nmod
53-23	1-punct	20-punct

54-0	27-root	2-amod
54-1	2-case	2-case
54-2	0-nmod	27-root
54-3	0-cop	5-aux
54-4	0-aux	5-aux
54-5	0-nsubj	2-nmod
54-6	8-punct	2-punct
54-7	8-punct	2-punct
54-8	5-appos	2-nmod
54-9	8-compound	8-cc
54-10	8-compound	8-nmod
54-11	8-punct	2-punct
54-12	8-punct	13-punct
54-13	15-compound	15-amod
54-14	15-compound	15-amod
54-15	5-nmod	2-nmod
54-16	18-punct	17-punct
54-17	18-amod	18-amod
54-18	15-parataxis	2-nmod
54-19	20-case	20-case
54-20	18-nmod	18-nmod
54-21	18-punct	2-punct
54-22	23-case	23-case
54-23	5-nmod	27-root
54-24	23-nmod	25-name
54-25	24-name	23-nmod
54-26	0-punct	23-punct

55-0	1-nsubj	1-nsubj
55-1	22-root	8-advcl
55-2	3-nummod	3-nummod
55-3	1-dobj	1-dobj
55-4	6-case	6-case
55-5	6-compound	6-amod
55-6	3-nmod	3-nmod
55-7	8-mark	8-nsubj
55-8	3-acl	22-root
55-9	8-xcomp	8-conj
55-10	11-det	22-root
55-11	9-nmod	22-root
55-12	13-case	13-case
55-13	9-nmod	11-nmod
55-14	16-punct	11-punct
55-15	16-nummod	11-nummod
55-16	3-remnant	20-advmod
55-17	16-cc	20-mark
55-18	20-case	20-case
55-19	20-amod	20-amod
55-20	16-nmod	11-nmod
55-21	1-punct	11-punct

56-0	6-nsubj	6-nsubj
56-1	2-punct	0-punct
56-2	0-parataxis	0-nummod
56-3	2-punct	6-punct
56-4	6-advmod	6-advmod
56-5	6-aux	6-aux
56-6	25-root	25-root
56-7	10-case	9-case
56-8	10-amod	9-amod
56-9	10-compound	10-nsubj
56-10	6-nmod	6-dobj
56-11	15-case	15-case
56-12	15-nummod	15-amod
56-13	15-amod	15-amod
56-14	15-amod	15-amod
56-15	6-nmod	10-nmod
56-16	20-case	18-case
56-17	18-punct	18-punct
56-18	20-amod	15-nmod
56-19	18-punct	6-punct
56-20	15-nmod	6-dobj
56-21	15-acl	20-amod
56-22	23-case	23-case
56-23	21-nmod	21-nmod
56-24	6-punct	6-punct

57-0	10-punct	2-punct
57-1	10-punct	2-punct
57-2	10-nsubj	19-nsubj
57-3	10-aux	19-aux
57-4	5-punct	5-punct
57-5	7-discourse	3-cc
57-6	5-punct	19-punct
57-7	10-advmod	19-advmod
57-8	10-cop	19-aux
57-9	10-case	10-case
57-10	40-root	19-nsubj
57-11	19-mark	14-mark
57-12	14-punct	14-punct
57-13	14-case	14-case
57-14	19-parataxis	10-nmod
57-15	14-punct	10-punct
57-16	19-advmod	19-advmod
57-17	16-cc	16-cc
57-18	16-conj	19-advmod
57-19	10-acl	40-root
57-20	19-dobj	19-nmod
57-21	22-mwe	30-advmodCOLemph
57-22	19-advmod	30-advmod
57-23	22-cc	22-cc
57-24	25-mwe	30-advmodCOLemph
57-25	22-conj	28-advmod
57-26	27-punct	28-punct
57-27	19-xcomp	28-advmod
57-28	30-amod	30-amod
57-29	30-amod	30-amod
57-30	27-dobj	20-nmod
57-31	10-punct	19-punct
57-32	10-punct	19-punct
57-33	34-punct	19-punct
57-34	10-parataxis	40-root
57-35	34-aux	40-aux
57-36	37-amod	37-amod
57-37	34-nsubj	40-root
57-38	37-nmod	37-nmod
57-39	10-punct	37-punct

58-0	4-punct	4-punct
58-1	4-punct	4-punct
58-2	4-nsubj	4-nsubj
58-3	4-aux	4-aux
58-4	52-root	52-root
58-5	4-dobj	14-nsubj
58-6	5-nmod	14-nsubj
58-7	9-compound	9-amod
58-8	9-compound	9-amod
58-9	6-nmod	6-nmod
58-10	11-punct	6-punct
58-11	9-appos	6-nmod
58-12	11-punct	6-punct
58-13	4-cc	6-cc
58-14	4-conj	4-conj
58-15	14-cc	14-cc
58-16	14-conj	52-root
58-17	16-dobj	16-dobj
58-18	17-cc	17-cc
58-19	17-conj	35-nmod
58-20	22-compound	22-amod
58-21	22-compound	22-amod
58-22	19-nmod	19-nmod
58-23	24-punct	19-punct
58-24	22-appos	19-nmod
58-25	24-punct	31-punct
58-26	31-mark	31-nsubj
58-27	31-aux	31-aux
58-28	31-cop	31-aux
58-29	31-case	31-case
58-30	31-amod	31-amod
58-31	22-acl	19-nmod
58-32	4-punct	19-punct
58-33	4-punct	19-punct
58-34	35-parataxis	35-punct
58-35	4-parataxis	52-root
58-36	35-case	48-aux
58-37	38-amod	38-amod
58-38	35-nsubj	48-nsubj
58-39	38-nmod	43-name
58-40	38-appos	43-name
58-41	42-case	43-compoundCOLnn
58-42	40-name	43-name
58-43	40-name	38-nmod
58-44	45-case	45-case
58-45	35-nmod	38-nmod
58-46	48-punct	38-punct
58-47	48-punct	38-punct
58-48	4-parataxis	35-conj
58-49	48-punct	48-punct
58-50	48-nsubj	48-nmod
58-51	4-punct	35-punct

59-0	2-case	2-case
59-1	2-nummod	2-nummod
59-2	7-nmod	7-nsubj
59-3	2-nmod	2-nmod
59-4	2-punct	6-punct
59-5	6-amod	6-amod
59-6	7-nsubj	7-nsubj
59-7	15-root	15-root
59-8	7-dobj	7-dobj
59-9	8-cc	8-cc
59-10	8-conj	8-nmod
59-11	13-mark	13-nsubj
59-12	13-advmod	13-advmod
59-13	10-acl	7-advcl
59-14	7-punct	7-punct

60-0	1-amod	1-amod
60-1	2-dobj	2-nmod
60-2	26-root	26-root
60-3	2-aux	11-aux
60-4	5-amod	5-amod
60-5	2-nsubj	11-nsubj
60-6	5-appos	7-name
60-7	6-name	5-nmod
60-8	11-punct	11-punct
60-9	11-mark	11-nsubj
60-10	11-aux	11-aux
60-11	5-acl	2-ccomp
60-12	17-mark	17-mark
60-13	17-nsubj	15-amod
60-14	15-amod	15-amod
60-15	13-nmod	17-nsubj
60-16	17-aux	17-aux
60-17	11-ccomp	2-ccomp
60-18	19-punct	17-punct
60-19	21-neg	17-cc
60-20	19-punct	17-punct
60-21	22-nummod	22-nummod
60-22	17-dobj	17-dobj
60-23	24-neg	24-case
60-24	22-nmod	22-nmod
60-25	2-punct	2-punct

61-0	4-nsubjpass	20-root
61-1	0-nmod	20-root
61-2	0-appos	20-root
61-3	2-name	20-root
61-4	20-root	20-root
61-5	4-auxpass	20-aux
61-6	7-case	7-case
61-7	4-nmod	20-root
61-8	9-case	9-case
61-9	7-nmod	7-nmod
61-10	12-punct	11-punct
61-11	12-amod	12-amod
61-12	9-appos	7-nmod
61-13	12-cc	12-cc
61-14	16-amod	16-amod
61-15	16-amod	16-amod
61-16	12-conj	20-root
61-17	18-amod	18-amod
61-18	16-nmod	16-nmod
61-19	4-punct	16-punct

62-0	7-punct	2-punct
62-1	7-punct	2-punct
62-2	7-nsubj	7-nsubj
62-3	4-amod	4-amod
62-4	2-nmod	2-nmod
62-5	6-case	6-case
62-6	4-nmod	7-nsubj
62-7	23-root	23-root
62-8	7-dobj	7-dobj
62-9	11-case	11-case
62-10	11-amod	11-amod
62-11	8-nmod	19-nmod
62-12	13-amod	13-amod
62-13	11-nmod	11-nmod
62-14	15-case	15-case
62-15	11-nmod	11-nmod
62-16	7-punct	11-punct
62-17	7-punct	11-punct
62-18	19-punct	19-punct
62-19	7-parataxis	23-root
62-20	19-aux	21-aux
62-21	19-nsubj	19-nmod
62-22	7-punct	19-punct

63-0	1-case	1-case
63-1	3-nmod	3-nsubj
63-2	3-compound	3-nsubj
63-3	12-root	12-root
63-4	5-amod	5-amod
63-5	3-nsubj	12-root
63-6	5-nmod	10-name
63-7	5-appos	10-name
63-8	9-case	10-compoundCOLnn
63-9	7-name	10-name
63-10	7-name	5-nmod
63-11	3-punct	5-punct

64-0	5-nsubj	13-nsubj
64-1	5-cop	13-aux
64-2	5-nummod	5-nummod
64-3	5-case	5-case
64-4	5-amod	5-amod
64-5	15-root	13-nsubj
64-6	7-case	7-case
64-7	5-nmod	5-nmod
64-8	5-punct	5-punct
64-9	5-cc	5-cc
64-10	11-cop	13-aux
64-11	5-conj	13-amod
64-12	13-case	13-mark
64-13	11-nmod	15-root
64-14	5-punct	13-punct

65-0	2-punct	2-punct
65-1	2-punct	2-punct
65-2	22-root	22-root
65-3	6-mark	6-mark
65-4	6-advmod	6-advmod
65-5	6-aux	6-aux
65-6	2-ccomp	2-advcl
65-7	6-punct	6-punct
65-8	6-conj	2-advcl
65-9	6-punct	8-punct
65-10	6-conj	2-conj
65-11	6-cc	10-cc
65-12	6-conj	10-conj
65-13	12-dobj	15-nsubj
65-14	15-mark	15-nsubj
65-15	13-acl	22-root
65-16	15-dobj	22-root
65-17	16-nmod	22-root
65-18	17-nmod	17-nmod
65-19	2-punct	17-punct
65-20	2-punct	17-punct
65-21	2-punct	17-punct

66-0	8-nsubj	27-root
66-1	2-amod	2-amod
66-2	0-nmod	27-root
66-3	0-appos	4-name
66-4	3-name	2-nmod
66-5	6-punct	2-punct
66-6	0-parataxis	2-nummod
66-7	6-punct	27-punct
66-8	27-root	27-root
66-9	8-cop	27-aux
66-10	11-case	11-case
66-11	8-nmod	27-root
66-12	13-amod	13-amod
66-13	11-nmod	11-nmod
66-14	20-punct	11-punct
66-15	20-case	27-root
66-16	20-advmod	27-root
66-17	20-nummod	20-nummod
66-18	17-cc	20-case
66-19	17-conj	20-nummod
66-20	8-parataxis	27-root
66-21	20-nmod	20-nmod
66-22	20-advmod	24-advmod
66-23	24-case	24-case
66-24	22-nmod	27-root
66-25	22-nmod	24-nmod
66-26	8-punct	24-punct

67-0	3-nsubj	3-nsubj
67-1	3-aux	3-aux
67-2	3-cop	3-aux
67-3	14-root	5-amod
67-4	5-case	5-case
67-5	3-nmod	14-root
67-6	12-case	7-case
67-7	12-nummod	5-nummod
67-8	7-punct	5-punct
67-9	7-conj	5-nummod
67-10	7-cc	5-cc
67-11	7-conj	12-nummod
67-12	5-nmod	5-nmod
67-13	3-punct	5-punct

68-0	12-nsubj	4-nsubj
68-1	4-punct	4-punct
68-2	4-mark	4-nsubj
68-3	4-compound	4-nsubj
68-4	0-acl	18-root
68-5	4-xcomp	18-root
68-6	9-mark	9-nsubj
68-7	9-aux	9-aux
68-8	9-advmod	9-advmod
68-9	5-acl	5-conj
68-10	9-dobj	9-nmod
68-11	4-punct	5-punct
68-12	18-root	5-conj
68-13	12-aux	16-aux
68-14	12-compound	16-nsubj
68-15	16-case	16-advmod
68-16	12-nmod	12-nmod
68-17	12-punct	5-punct

69-0	2-parataxis	6-nsubj
69-1	0-punct	0-punct
69-2	6-nsubj	6-nsubj
69-3	4-amod	4-amod
69-4	2-nmod	2-nmod
69-5	6-neg	6-mark
69-6	15-root	13-cop
69-7	6-punct	13-punct
69-8	6-cc	13-mark
69-9	13-cop	13-aux
69-10	13-nsubj	13-nsubj
69-11	12-case	12-case
69-12	10-nmod	13-nsubj
69-13	6-conj	15-root
69-14	6-punct	13-punct

70-0	1-amod	1-amod
70-1	4-nsubj	4-nsubj
70-2	3-advmod	4-mark
70-3	4-advmod	4-advmod
70-4	26-root	18-advcl
70-5	6-amod	6-amod
70-6	4-dobj	4-dobj
70-7	6-punct	6-punct
70-8	6-conj	6-nmod
70-9	6-cc	8-cc
70-10	11-amod	11-amod
70-11	6-conj	16-nsubj
70-12	4-xcomp	11-nmod
70-13	16-mark	16-nsubj
70-14	16-compound	16-nsubj
70-15	16-advmod	16-advmod
70-16	12-acl	4-conj
70-17	16-cc	16-cc
70-18	16-conj	26-root
70-19	18-compound	20-nsubj
70-20	18-xcomp	18-advcl
70-21	22-punct	20-punct
70-22	4-parataxis	26-root
70-23	24-amod	24-amod
70-24	22-nsubj	22-nmod
70-25	4-punct	22-punct

71-0	2-det	5-nsubj
71-1	5-auxpass	5-aux
71-2	5-nsubjpass	5-nsubj
71-3	4-discourse	5-neg
71-4	5-advmod	5-advmod
71-5	22-root	8-amod
71-6	5-punct	5-punct
71-7	5-cc	5-cc
71-8	20-nsubj	22-root
71-9	11-case	11-case
71-10	11-amod	11-amod
71-11	8-nmod	22-root
71-12	13-amod	13-amod
71-13	11-nmod	11-nmod
71-14	13-acl	13-amod
71-15	17-case	16-case
71-16	17-det	20-nsubj
71-17	14-nmod	20-nsubj
71-18	20-aux	20-aux
71-19	20-advmod	20-advmod
71-20	5-conj	13-amod
71-21	5-punct	11-punct

72-0	1-nummod	1-nummod
72-1	2-nsubj	2-nmod
72-2	27-root	27-root
72-3	2-aux	15-aux
72-4	2-dobj	15-nsubj
72-5	6-case	6-case
72-6	4-nmod	15-nsubj
72-7	8-amod	8-amod
72-8	6-nmod	6-nmod
72-9	10-nummod	10-nummod
72-10	2-nmod	8-nmod
72-11	2-punct	6-punct
72-12	2-cc	6-cc
72-13	15-aux	15-aux
72-14	15-nsubj	15-nsubj
72-15	2-conj	2-conj
72-16	17-case	17-case
72-17	15-nmod	27-root
72-18	19-amod	19-amod
72-19	17-nmod	17-nmod
72-20	15-cc	19-cc
72-21	23-advmod	23-advmod
72-22	23-auxpass	23-aux
72-23	15-conj	19-amod
72-24	25-case	25-case
72-25	23-nmod	23-nmod
72-26	2-punct	17-punct

73-0	14-nsubj	14-nsubj
73-1	2-amod	2-amod
73-2	0-nmod	14-nsubj
73-3	0-appos	4-name
73-4	3-name	2-nmod
73-5	8-punct	7-punct
73-6	8-advmod	7-advmod
73-7	8-amod	8-amod
73-8	0-appos	14-nsubj
73-9	8-nmod	8-nmod
73-10	12-compound	12-case
73-11	12-compound	12-amod
73-12	9-compound	8-nmod
73-13	8-punct	14-punct
73-14	25-root	19-advcl
73-15	14-aux	19-aux
73-16	19-mark	19-mark
73-17	19-aux	19-aux
73-18	19-nsubj	19-nsubj
73-19	14-ccomp	25-root
73-20	19-xcomp	25-root
73-21	20-dobj	25-root
73-22	21-nmod	25-root
73-23	22-nmod	22-nmod
73-24	14-punct	22-punct

74-0	10-nsubj	10-nsubj
74-1	3-amod	3-amod
74-2	3-amod	3-amod
74-3	0-nmod	0-nmod
74-4	6-punct	6-punct
74-5	6-amod	6-amod
74-6	0-appos	10-nsubj
74-7	8-amod	8-amod
74-8	6-nmod	6-nmod
74-9	6-punct	6-punct
74-10	18-root	18-root
74-11	12-discourse	12-advmod
74-12	16-amod	16-amod
74-13	14-discourse	12-advmod
74-14	12-cc	12-cc
74-15	12-conj	16-amod
74-16	10-dobj	10-nmod
74-17	10-punct	10-punct

75-0	8-mark	8-mark
75-1	8-aux	8-aux
75-2	8-nsubj	8-nsubj
75-3	2-acl	2-amod
75-4	7-case	8-case
75-5	6-advmod	8-advmod
75-6	7-nummod	7-nummod
75-7	3-nmod	8-nsubj
75-8	32-advcl	32-advcl
75-9	18-mark	18-mark
75-10	18-compound	18-nsubj
75-11	15-advmod	18-advmod
75-12	15-case	14-case
75-13	14-compound	14-nummod
75-14	15-nummod	18-nsubj
75-15	18-nsubj	14-nmod
75-16	17-advmod	18-advmod
75-17	18-advmod	18-advmod
75-18	8-ccomp	8-conj
75-19	20-mwe	32-mark
75-20	22-amod	32-nsubj
75-21	22-amod	22-amod
75-22	18-dobj	32-nmod
75-23	24-case	24-case
75-24	22-nmod	22-nmod
75-25	8-punct	26-punct
75-26	27-amod	27-amod
75-27	32-nsubj	32-nmod
75-28	27-nmod	32-nmod
75-29	27-appos	32-nsubj
75-30	29-name	32-nsubj
75-31	29-name	32-nsubj
75-32	40-root	40-root
75-33	32-aux	36-aux
75-34	32-dobj	36-nmod
75-35	36-mark	36-mark
75-36	32-ccomp	40-root
75-37	36-dobj	40-root
75-38	37-nmod	37-nmod
75-39	32-punct	37-punct

76-0	2-punct	2-punct
76-1	2-punct	2-punct
76-2	37-root	27-cop
76-3	2-xcomp	2-conj
76-4	5-discourse	13-mark
76-5	3-advmod	13-advmod
76-6	8-case	8-case
76-7	8-amod	8-amod
76-8	3-nmod	13-nmod
76-9	10-nmod	13-nsubj
76-10	8-nmod	13-nmod
76-11	13-mark	13-advmod
76-12	13-advmod	13-advmod
76-13	8-acl	3-conj
76-14	15-nmod	15-nsubj
76-15	13-dobj	13-nmod
76-16	13-cc	13-cc
76-17	13-conj	27-cop
76-18	17-dobj	23-nmod
76-19	18-nmod	18-nmod
76-20	17-punct	18-punct
76-21	17-cc	18-cc
76-22	23-neg	23-mark
76-23	17-conj	27-cop
76-24	23-dobj	23-dobj
76-25	23-xcomp	23-advmod
76-26	27-punct	23-punct
76-27	29-amod	29-amod
76-28	27-punct	27-punct
76-29	25-dobj	33-nmod
76-30	2-punct	29-punct
76-31	2-punct	29-punct
76-32	33-punct	33-punct
76-33	2-parataxis	37-root
76-34	33-aux	35-aux
76-35	33-nsubj	33-nmod
76-36	2-punct	33-punct

77-0	6-advmod	6-advmod
77-1	3-case	3-case
77-2	3-nmod	3-amod
77-3	0-nmod	6-nsubj
77-4	5-amod	5-amod
77-5	6-nsubj	6-nsubj
77-6	28-root	28-root
77-7	6-aux	23-aux
77-8	10-case	9-case
77-9	10-nmod	23-nsubj
77-10	6-nmod	23-nsubj
77-11	12-amod	12-amod
77-12	6-dobj	23-nsubj
77-13	12-nmod	12-nmod
77-14	16-case	16-case
77-15	16-amod	16-amod
77-16	12-nmod	23-nsubj
77-17	12-appos	19-name
77-18	19-case	19-name
77-19	17-name	16-nmod
77-20	23-punct	23-punct
77-21	23-mark	23-nsubj
77-22	23-aux	23-aux
77-23	12-acl	6-conj
77-24	25-case	25-case
77-25	23-nmod	28-root
77-26	25-nmod	25-nmod
77-27	6-punct	25-punct

78-0	8-root	8-root
78-1	0-cop	8-aux
78-2	0-nsubj	8-root
78-3	6-cc	6-case
78-4	6-amod	6-amod
78-5	6-amod	6-amod
78-6	2-nmod	2-nmod
78-7	0-punct	2-punct

79-0	2-case	2-case
79-1	2-nummod	2-amod
79-2	5-discourse	5-nsubj
79-3	2-punct	4-punct
79-4	5-nsubj	2-nmod
79-5	21-root	21-root
79-6	10-mark	10-mark
79-7	10-aux	10-aux
79-8	10-compound	10-nsubj
79-9	10-nsubj	10-nsubj
79-10	5-ccomp	5-conj
79-11	14-case	14-case
79-12	14-amod	14-amod
79-13	14-amod	14-amod
79-14	10-nmod	10-nmod
79-15	17-mark	17-mark
79-16	17-aux	17-aux
79-17	10-advcl	10-conj
79-18	19-nmod	19-nsubj
79-19	17-dobj	17-nmod
79-20	5-punct	5-punct

80-0	2-nsubj	2-nsubj
80-1	2-aux	2-aux
80-2	15-root	15-root
80-3	2-dobj	2-dobj
80-4	5-case	5-case
80-5	3-nmod	3-nmod
80-6	5-punct	2-punct
80-7	8-amod	8-amod
80-8	5-conj	15-root
80-9	8-nmod	8-nmod
80-10	5-cc	9-cc
80-11	13-compound	13-amod
80-12	13-compound	13-amod
80-13	5-conj	8-nmod
80-14	2-punct	8-punct

81-0	1-amod	1-amod
81-1	4-nsubj	9-root
81-2	4-aux	4-aux
81-3	4-cop	4-aux
81-4	9-root	1-amod
81-5	6-case	6-case
81-6	4-nmod	9-root
81-7	6-appos	6-nmod
81-8	4-punct	6-punct

82-0	2-case	1-case
82-1	2-det	2-nsubj
82-2	5-nmod	5-nsubj
82-3	2-punct	2-punct
82-4	5-nsubj	5-nsubj
82-5	17-root	17-root
82-6	5-xcomp	17-root
82-7	9-det	9-amod
82-8	9-amod	9-amod
82-9	6-dobj	12-nsubj
82-10	12-mark	12-nsubj
82-11	12-aux	12-aux
82-12	9-acl	6-ccomp
82-13	12-xcomp	6-conj
82-14	15-case	15-case
82-15	13-nmod	13-nmod
82-16	5-punct	6-punct

83-0	1-nsubj	1-nsubj
83-1	13-root	13-root
83-2	5-mark	13-mark
83-3	5-cop	5-aux
83-4	5-nsubj	5-nsubj
83-5	1-ccomp	7-amod
83-6	7-case	7-case
83-7	5-nmod	13-root
83-8	7-nmod	13-root
83-9	8-nmod	8-nmod
83-10	11-case	11-case
83-11	7-nmod	8-nmod
83-12	11-nmod	8-nmod

84-0	2-punct	6-punct
84-1	2-punct	6-punct
84-2	28-root	6-amod
84-3	2-dobj	6-nsubj
84-4	2-cop	6-aux
84-5	6-det	6-nsubj
84-6	2-nsubj	28-root
84-7	10-punct	28-punct
84-8	10-mark	28-mark
84-9	10-cop	10-aux
84-10	2-advcl	28-root
84-11	10-dobj	10-conj
84-12	11-dobj	11-dobj
84-13	14-case	14-case
84-14	18-mark	28-root
84-15	18-aux	28-aux
84-16	18-compound	28-root
84-17	18-nsubj	28-root
84-18	12-acl	17-conj
84-19	20-case	20-case
84-20	18-nmod	18-nmod
84-21	23-mark	23-nsubj
84-22	23-dobj	23-nsubj
84-23	20-acl	17-conj
84-24	26-case	26-case
84-25	26-amod	26-amod
84-26	23-nmod	23-nmod
84-27	2-punct	17-punct

85-0	2-case	2-case
85-1	2-compound	2-amod
85-2	11-nmod	11-nmod
85-3	4-case	4-case
85-4	11-nmod	2-nmod
85-5	6-case	6-case
85-6	11-nmod	2-nmod
85-7	9-punct	2-punct
85-8	9-nummod	9-nummod
85-9	6-parataxis	2-nmod
85-10	9-punct	11-punct
85-11	15-root	15-root
85-12	11-aux	13-aux
85-13	11-nsubj	11-conj
85-14	11-punct	11-punct

86-0	3-nsubj	3-nmod
86-1	2-case	2-case
86-2	3-nmod	3-nmod
86-3	16-root	16-root
86-4	3-dobj	16-root
86-5	7-amod	7-amod
86-6	7-amod	7-amod
86-7	4-nmod	4-nmod
86-8	7-punct	4-punct
86-9	7-conj	16-root
86-10	9-nmod	9-nmod
86-11	7-cc	10-cc
86-12	13-amod	13-amod
86-13	7-conj	16-root
86-14	13-nmod	13-nmod
86-15	3-punct	13-punct

87-0	1-case	1-case
87-1	9-nmod	9-nsubj
87-2	1-nummod	1-nummod
87-3	2-punct	1-punct
87-4	2-conj	1-nummod
87-5	1-punct	7-punct
87-6	7-amod	7-amod
87-7	9-nsubj	9-nsubj
87-8	7-nmod	9-nsubj
87-9	36-root	36-root
87-10	9-aux	20-aux
87-11	12-case	12-case
87-12	9-nmod	20-nmod
87-13	12-nmod	20-nmod
87-14	17-nummod	17-amod
87-15	16-advmod	16-advmod
87-16	17-amod	17-amod
87-17	13-nmod	20-nmod
87-18	17-nmod	17-nmod
87-19	9-punct	20-punct
87-20	9-conj	36-root
87-21	20-aux	31-aux
87-22	23-nmod	23-amod
87-23	20-dobj	31-nmod
87-24	28-case	25-case
87-25	28-amod	23-amod
87-26	25-cc	25-cc
87-27	25-conj	28-amod
87-28	23-nmod	23-nmod
87-29	9-punct	23-punct
87-30	9-cc	23-cc
87-31	9-conj	36-root
87-32	31-dobj	36-root
87-33	34-amod	34-amod
87-34	32-nmod	32-nmod
87-35	9-punct	32-punct

88-0	1-nsubj	1-nsubj
88-1	12-root	5-cop
88-2	5-mark	5-mark
88-3	5-nsubjpass	5-nsubj
88-4	5-auxpass	5-aux
88-5	1-ccomp	10-amod
88-6	1-punct	10-punct
88-7	1-cc	10-mark
88-8	10-cop	10-aux
88-9	10-nsubj	10-nsubj
88-10	1-conj	12-root
88-11	1-punct	10-punct

89-0	3-nsubj	7-nsubj
89-1	3-cop	7-aux
89-2	3-amod	3-amod
89-3	25-root	7-nsubj
89-4	5-case	5-case
89-5	3-nmod	3-nmod
89-6	7-mark	7-nsubj
89-7	5-acl	25-root
89-8	9-case	9-case
89-9	7-nmod	7-dobj
89-10	11-case	11-case
89-11	9-nmod	9-nmod
89-12	3-punct	7-punct
89-13	3-cc	7-cc
89-14	15-amod	15-amod
89-15	3-conj	7-dobj
89-16	21-mark	17-advmod
89-17	18-amod	18-amod
89-18	21-nsubj	7-dobj
89-19	20-case	20-case
89-20	18-nmod	21-nsubj
89-21	15-advcl	25-root
89-22	23-amod	23-amod
89-23	21-dobj	21-nmod
89-24	3-punct	21-punct

90-0	2-nsubj	2-nsubj
90-1	2-compound	2-nsubj
90-2	20-root	20-root
90-3	9-mark	9-mark
90-4	9-aux	9-aux
90-5	9-nsubj	9-nsubj
90-6	5-nmod	9-nsubj
90-7	8-amod	8-amod
90-8	6-nmod	6-nmod
90-9	2-ccomp	2-conj
90-10	11-case	11-case
90-11	9-nmod	20-root
90-12	13-amod	13-amod
90-13	11-nmod	20-root
90-14	15-amod	15-amod
90-15	13-nmod	20-root
90-16	15-nmod	15-nmod
90-17	16-cc	16-cc
90-18	16-conj	15-nmod
90-19	2-punct	15-punct

91-0	24-xcomp	2-advmod
91-1	2-mark	2-mark
91-2	0-ccomp	45-root
91-3	2-dobj	7-nmod
91-4	3-nmod	3-nmod
91-5	7-mark	7-nsubj
91-6	7-aux	7-aux
91-7	3-acl	45-root
91-8	7-nsubj	18-nsubj
91-9	8-nmod	18-nsubj
91-10	9-nmod	18-nsubj
91-11	10-appos	10-nmod
91-12	14-mwe	16-mark
91-13	14-mwe	16-mark
91-14	18-mark	16-mark
91-15	18-aux	16-aux
91-16	18-nsubj	10-amod
91-17	18-punct	10-punct
91-18	7-advcl	7-conj
91-19	18-punct	18-punct
91-20	18-dobj	18-nmod
91-21	0-punct	18-punct
91-22	24-nsubj	24-nsubj
91-23	24-aux	24-aux
91-24	45-root	18-conj
91-25	29-mark	29-mark
91-26	29-aux	29-aux
91-27	29-compound	29-nsubj
91-28	29-nsubj	29-nsubj
91-29	24-ccomp	7-conj
91-30	32-case	32-case
91-31	32-amod	32-amod
91-32	29-nmod	29-dobj
91-33	35-case	35-case
91-34	35-compound	35-amod
91-35	29-nmod	32-nmod
91-36	39-punct	39-punct
91-37	39-mark	39-nsubj
91-38	39-compound	39-nsubj
91-39	35-acl	7-conj
91-40	41-case	41-case
91-41	39-nmod	45-root
91-42	43-compound	43-amod
91-43	41-nmod	41-nmod
91-44	24-punct	41-punct

92-0	2-nsubj	2-nsubj
92-1	2-aux	2-aux
92-2	43-root	43-root
92-3	21-mark	4-mark
92-4	21-aux	2-aux
92-5	21-punct	2-punct
92-6	21-punct	2-punct
92-7	8-nummod	8-amod
92-8	21-nsubj	21-nsubj
92-9	8-nmod	8-nmod
92-10	12-case	12-case
92-11	12-compound	12-amod
92-12	9-nmod	9-nmod
92-13	15-punct	8-punct
92-14	15-case	15-case
92-15	8-parataxis	8-nmod
92-16	17-compound	17-nummod
92-17	18-nummod	21-nsubj
92-18	15-nmod	17-nmod
92-19	15-punct	21-punct
92-20	21-advmod	21-advmod
92-21	2-ccomp	2-ccomp
92-22	21-punct	21-punct
92-23	21-cc	21-cc
92-24	21-conj	2-conj
92-25	24-aux	28-aux
92-26	28-discourse	25-cc
92-27	28-amod	28-amod
92-28	24-dobj	24-dobj
92-29	30-punct	24-punct
92-30	28-appos	24-dobj
92-31	30-punct	24-punct
92-32	30-conj	24-dobj
92-33	34-case	34-case
92-34	32-nmod	24-dobj
92-35	36-case	36-case
92-36	34-nmod	43-root
92-37	36-nmod	36-nmod
92-38	30-punct	37-punct
92-39	30-conj	37-nmod
92-40	30-cc	39-cc
92-41	30-conj	39-nmod
92-42	2-punct	36-punct

93-0	1-case	1-case
93-1	4-nmod	4-nsubj
93-2	4-compound	4-nsubj
93-3	4-dobj	4-nsubj
93-4	22-root	22-root
93-5	4-nsubj	4-dobj
93-6	7-case	7-case
93-7	5-nmod	4-dobj
93-8	7-acl	7-amod
93-9	10-case	10-case
93-10	8-nmod	22-root
93-11	10-nmod	10-nmod
93-12	11-punct	11-punct
93-13	11-conj	11-nmod
93-14	11-cc	13-cc
93-15	11-conj	22-root
93-16	15-nmod	15-nmod
93-17	18-compound	18-case
93-18	16-compound	16-nmod
93-19	18-compound	18-cc
93-20	18-compound	18-nmod
93-21	4-punct	15-punct

94-0	5-nsubj	5-nsubj
94-1	3-amod	3-amod
94-2	3-amod	3-amod
94-3	0-nmod	0-nmod
94-4	5-advmod	5-advmod
94-5	23-root	23-root
94-6	7-mwe	23-mark
94-7	13-mark	23-mark
94-8	13-auxpass	23-aux
94-9	10-nmod	23-root
94-10	13-nsubjpass	23-root
94-11	12-amod	12-amod
94-12	13-nmod	23-root
94-13	5-advcl	17-amod
94-14	13-advmod	17-advmod
94-15	17-case	17-case
94-16	17-advmod	17-advmod
94-17	14-nmod	12-nmod
94-18	17-cc	17-cc
94-19	17-conj	12-nmod
94-20	21-case	21-case
94-21	19-nmod	19-nmod
94-22	5-punct	12-punct

95-0	2-case	2-case
95-1	2-amod	2-amod
95-2	7-discourse	20-nsubj
95-3	2-punct	20-punct
95-4	7-iobj	20-nsubj
95-5	7-aux	20-aux
95-6	7-cop	20-aux
95-7	30-root	11-amod
95-8	11-advmod	11-advmod
95-9	11-case	11-case
95-10	11-nummod	11-nummod
95-11	7-nmod	20-nsubj
95-12	13-case	13-case
95-13	7-dobj	20-nsubj
95-14	7-nmod	13-nmod
95-15	16-punct	13-punct
95-16	14-nmod	13-nmod
95-17	16-punct	20-punct
95-18	20-mark	20-nsubj
95-19	20-compound	20-nsubj
95-20	14-acl	30-root
95-21	22-case	22-case
95-22	20-nmod	30-root
95-23	24-amod	24-amod
95-24	22-nmod	22-nmod
95-25	26-case	26-case
95-26	22-nmod	22-nmod
95-27	28-case	28-case
95-28	22-nmod	26-nmod
95-29	7-punct	22-punct

96-0	5-nsubj	5-nsubj
96-1	5-aux	5-aux
96-2	4-case	3-case
96-3	4-det	5-nsubj
96-4	5-nmod	5-nsubj
96-5	11-root	11-root
96-6	7-punct	5-punct
96-7	9-case	5-advmod
96-8	7-punct	5-punct
96-9	5-nmod	5-nmod
96-10	5-punct	5-punct

97-0	1-amod	1-amod
97-1	2-nsubj	2-nmod
97-2	4-root	4-root
97-3	2-dobj	2-nmod

98-0	2-case	2-advmod
98-1	2-nummod	2-nummod
98-2	8-nmod	14-root
98-3	4-punct	2-punct
98-4	7-case	14-root
98-5	4-punct	14-punct
98-6	7-nummod	7-nummod
98-7	8-nmod	14-root
98-8	14-root	7-amod
98-9	8-auxpass	12-aux
98-10	11-advmod	12-advmod
98-11	12-nummod	12-nummod
98-12	8-nsubjpass	7-nmod
98-13	8-punct	7-punct

99-0	15-parataxis	4-nsubj
99-1	0-punct	4-punct
99-2	4-mark	4-mark
99-3	4-compound	4-nsubj
99-4	15-advcl	20-root
99-5	4-nsubj	4-nmod
99-6	4-cc	4-cc
99-7	4-conj	20-root
99-8	9-amod	9-amod
99-9	7-nsubj	7-dobj
99-10	4-punct	15-punct
99-11	15-nsubj	15-nsubj
99-12	15-aux	15-aux
99-13	15-cop	15-aux
99-14	15-advmod	15-advmod
99-15	20-root	17-amod
99-16	17-case	17-case
99-17	15-nmod	20-root
99-18	17-nmod	17-nmod
99-19	15-punct	17-punct

100-0	1-amod	1-amod
100-1	3-nsubj	2-name
100-2	1-appos	3-nsubj
100-3	17-root	17-root
100-4	5-case	5-case
100-5	3-nmod	17-root
100-6	5-nmod	5-nmod
100-7	6-punct	5-punct
100-8	6-conj	5-nmod
100-9	6-punct	5-punct
100-10	6-conj	5-nmod
100-11	6-punct	5-punct
100-12	13-compound	13-name
100-13	6-conj	5-nmod
100-14	6-cc	13-cc
100-15	6-conj	5-nmod
100-16	3-punct	5-punct

101-0	4-nsubj	4-nsubj
101-1	2-det	4-nsubj
101-2	0-nmod	4-nsubj
101-3	4-aux	4-aux
101-4	13-root	13-root
101-5	7-discourse	4-cc
101-6	7-amod	7-amod
101-7	4-dobj	4-dobj
101-8	11-case	11-mark
101-9	11-advmod	10-advmod
101-10	11-compound	11-amod
101-11	4-nmod	7-nmod
101-12	4-punct	4-punct

102-0	17-root	17-root
102-1	0-compound	17-root
102-2	6-mark	17-mark
102-3	6-cop	17-aux
102-4	5-amod	5-amod
102-5	6-nsubj	17-root
102-6	0-csubj	5-amod
102-7	8-case	8-case
102-8	6-nmod	5-nmod
102-9	10-advmod	10-advmod
102-10	8-nmod	8-nmod
102-11	12-case	12-case
102-12	14-mark	15-nmod
102-13	14-cop	15-aux
102-14	10-acl	15-amod
102-15	14-nsubj	10-nmod
102-16	0-punct	5-punct

103-0	2-nsubj	5-nsubj
103-1	2-cop	5-aux
103-2	12-root	5-nsubj
103-3	5-mark	5-nsubj
103-4	5-compound	5-nsubj
103-5	2-acl	12-root
103-6	8-case	8-case
103-7	8-amod	8-amod
103-8	5-nmod	12-root
103-9	10-amod	10-amod
103-10	8-nmod	8-nmod
103-11	2-punct	8-punct

104-0	1-amod	1-amod
104-1	4-nsubj	14-nsubj
104-2	4-case	7-aux
104-3	4-advmod	4-advmod
104-4	25-root	7-amod
104-5	7-case	7-case
104-6	7-nmod	7-amod
104-7	4-nmod	1-nmod
104-8	12-punct	14-punct
104-9	12-mark	14-mark
104-10	12-aux	14-aux
104-11	12-cop	14-aux
104-12	4-advcl	14-advmod
104-13	14-dobj	14-nsubj
104-14	12-csubj	25-root
104-15	17-case	17-mark
104-16	17-punct	17-punct
104-17	14-nmod	14-dobj
104-18	17-punct	14-punct
104-19	17-cc	14-cc
104-20	22-case	22-mark
104-21	22-punct	22-punct
104-22	17-conj	14-dobj
104-23	22-punct	14-punct
104-24	4-punct	14-punct

105-0	1-amod	1-amod
105-1	4-nsubj	4-nsubj
105-2	4-advmod	4-advmod
105-3	4-compound	4-nsubj
105-4	27-root	27-root
105-5	7-case	7-case
105-6	7-amod	7-amod
105-7	4-nmod	4-dobj
105-8	4-punct	4-punct
105-9	4-cc	4-cc
105-10	11-compound	11-nsubj
105-11	4-conj	4-ccomp
105-12	11-xcomp	4-conj
105-13	14-discourse	12-cc
105-14	16-case	16-case
105-15	16-amod	16-amod
105-16	12-nmod	12-dobj
105-17	16-punct	27-punct
105-18	16-cc	27-mark
105-19	21-case	20-case
105-20	21-amod	27-root
105-21	16-conj	27-root
105-22	21-acl	23-amod
105-23	22-nmod	21-nmod
105-24	25-case	25-case
105-25	23-nmod	23-nmod
105-26	4-punct	21-punct

106-0	3-nsubj	3-nsubj
106-1	0-compound	0-nmod
106-2	3-aux	3-aux
106-3	25-root	16-advcl
106-4	6-case	16-mark
106-5	6-amod	6-amod
106-6	3-nmod	16-nsubj
106-7	3-nmod	6-nummod
106-8	9-mwe	16-mark
106-9	16-mark	16-mark
106-10	16-aux	16-aux
106-11	16-nsubj	16-nsubj
106-12	13-compound	13-name
106-13	11-nmod	11-nmod
106-14	15-case	15-case
106-15	16-nmod	16-nsubj
106-16	3-advcl	25-root
106-17	16-xcomp	25-root
106-18	19-amod	19-amod
106-19	17-dobj	25-root
106-20	19-appos	19-nmod
106-21	20-compound	20-cc
106-22	23-compound	23-name
106-23	20-compound	19-nmod
106-24	3-punct	19-punct

107-0	1-nmod	1-nsubj
107-1	7-root	7-root
107-2	3-case	3-case
107-3	1-nmod	7-root
107-4	5-amod	5-amod
107-5	3-nmod	3-nmod
107-6	1-punct	3-punct

108-0	1-compound	1-amod
108-1	2-nsubj	2-nsubj
108-2	13-root	13-root
108-3	2-compound	5-nsubj
108-4	5-case	5-case
108-5	2-nmod	2-nmod
108-6	5-punct	2-punct
108-7	8-amod	8-amod
108-8	5-conj	2-dobj
108-9	5-cc	8-cc
108-10	11-amod	11-amod
108-11	5-conj	8-nmod
108-12	2-punct	2-punct

109-0	4-nsubj	4-nsubj
109-1	0-nmod	0-nmod
109-2	3-case	3-case
109-3	0-nmod	0-nmod
109-4	6-root	6-root
109-5	4-punct	4-punct

110-0	2-dobj	2-nsubj
110-1	2-aux	2-aux
110-2	9-root	9-root
110-3	2-nsubj	2-nmod
110-4	5-nummod	5-nummod
110-5	2-nmod	2-nmod
110-6	7-nummod	7-nummod
110-7	5-nmod	5-nmod
110-8	2-punct	2-punct

111-0	1-case	1-case
111-1	5-discourse	5-nsubj
111-2	1-punct	5-punct
111-3	5-advmod	5-advmod
111-4	5-compound	5-nsubj
111-5	11-root	11-root
111-6	7-case	7-case
111-7	5-nmod	5-nmod
111-8	7-cc	7-cc
111-9	7-conj	5-nmod
111-10	5-punct	5-punct

112-0	1-nummod	1-amod
112-1	2-dobj	2-nmod
112-2	23-root	23-root
112-3	4-nummod	4-nummod
112-4	2-nmod	2-nmod
112-5	6-case	6-case
112-6	2-nmod	7-name
112-7	6-name	4-nmod
112-8	9-punct	2-punct
112-9	6-appos	2-nmod
112-10	12-punct	2-punct
112-11	12-compound	12-amod
112-12	6-parataxis	2-dobj
112-13	12-punct	15-punct
112-14	15-case	15-mark
112-15	6-nmod	2-dobj
112-16	20-punct	20-punct
112-17	20-mark	20-nsubj
112-18	20-aux	20-aux
112-19	20-advmod	20-advmod
112-20	6-acl	23-root
112-21	20-dobj	20-nmod
112-22	2-punct	20-punct

113-0	1-case	1-case
113-1	4-nmod	4-nsubj
113-2	3-amod	3-amod
113-3	1-nmod	1-nmod
113-4	11-root	11-root
113-5	6-case	6-case
113-6	4-nmod	4-nmod
113-7	8-case	8-case
113-8	4-nmod	11-root
113-9	8-nmod	8-nmod
113-10	4-punct	8-punct

114-0	18-root	14-cop
114-1	0-compound	2-nsubj
114-2	0-xcomp	0-conj
114-3	4-case	4-case
114-4	0-nmod	2-dobj
114-5	7-mark	7-advmod
114-6	7-nsubj	7-nsubj
114-7	4-acl	14-cop
114-8	7-dobj	7-dobj
114-9	7-punct	14-punct
114-10	11-discourse	14-mark
114-11	7-cc	14-cc
114-12	14-mark	14-advmod
114-13	14-cop	14-aux
114-14	7-conj	16-amod
114-15	14-cc	14-cc
114-16	14-conj	18-root
114-17	0-punct	16-punct

115-0	7-nsubj	7-nsubj
115-1	4-case	7-case
115-2	3-advmod	7-mark
115-3	4-amod	4-amod
115-4	0-nmod	7-nsubj
115-5	6-amod	6-amod
115-6	4-nmod	7-nsubj
115-7	28-root	28-root
115-8	7-aux	15-aux
115-9	10-case	10-case
115-10	7-nmod	15-nsubj
115-11	15-mark	15-nsubj
115-12	15-aux	15-aux
115-13	14-case	14-case
115-14	15-nmod	15-nsubj
115-15	10-acl	7-conj
115-16	17-case	17-case
115-17	15-nmod	28-root
115-18	17-nmod	28-root
115-19	18-nmod	18-nmod
115-20	19-punct	19-punct
115-21	19-conj	19-nmod
115-22	19-cc	21-cc
115-23	19-conj	21-nmod
115-24	26-case	26-case
115-25	26-nummod	26-nummod
115-26	17-nmod	23-nmod
115-27	7-punct	18-punct

116-0	8-nsubj	12-nsubj
116-1	0-cc	0-cc
116-2	0-conj	0-nmod
116-3	4-case	4-case
116-4	0-nmod	0-nmod
116-5	8-cop	8-aux
116-6	8-det	8-nsubj
116-7	8-amod	8-amod
116-8	27-root	4-nmod
116-9	12-punct	12-punct
116-10	12-mark	12-nsubj
116-11	12-compound	12-nsubj
116-12	8-acl	27-root
116-13	14-case	14-case
116-14	12-nmod	12-nmod
116-15	14-punct	12-punct
116-16	18-amod	18-amod
116-17	18-amod	18-amod
116-18	14-conj	12-dobj
116-19	14-cc	18-cc
116-20	14-conj	18-nmod
116-21	23-punct	23-punct
116-22	23-mark	23-nsubj
116-23	20-acl	27-root
116-24	23-dobj	27-root
116-25	24-nmod	24-nmod
116-26	8-punct	24-punct

117-0	2-advmod	2-advmod
117-1	2-compound	2-nsubj
117-2	9-root	9-root
117-3	4-case	4-case
117-4	2-nmod	2-nmod
117-5	4-cc	4-cc
117-6	7-amod	7-amod
117-7	4-conj	2-nmod
117-8	2-punct	2-punct

118-0	12-root	12-root
118-1	0-aux	12-aux
118-2	5-case	5-case
118-3	5-amod	5-amod
118-4	5-amod	5-amod
118-5	0-nmod	12-root
118-6	8-case	7-case
118-7	8-nummod	12-root
118-8	0-nmod	7-nmod
118-9	8-cc	8-cc
118-10	8-conj	8-nmod
118-11	0-punct	7-punct

119-0	18-root	18-root
119-1	0-compound	3-nsubj
119-2	3-case	3-case
119-3	0-nmod	0-dobj
119-4	6-mark	6-mark
119-5	6-compound	6-nsubj
119-6	3-acl	18-root
119-7	6-nsubj	6-dobj
119-8	9-case	9-case
119-9	7-nmod	7-nmod
119-10	7-punct	6-punct
119-11	7-conj	14-nsubj
119-12	11-nmod	11-nmod
119-13	6-cc	11-cc
119-14	6-conj	18-root
119-15	16-amod	16-amod
119-16	14-nsubj	14-nmod
119-17	0-punct	14-punct

120-0	1-nmod	1-amod
120-1	5-nsubj	12-nsubj
120-2	5-cop	12-aux
120-3	5-amod	5-amod
120-4	5-amod	5-amod
120-5	26-root	12-nsubj
120-6	7-case	7-case
120-7	5-nmod	5-nmod
120-8	12-mark	12-nsubj
120-9	12-aux	12-aux
120-10	11-amod	11-amod
120-11	12-nsubj	12-nsubj
120-12	5-acl	26-root
120-13	16-mark	16-mark
120-14	16-cop	16-aux
120-15	16-amod	16-amod
120-16	12-ccomp	12-dobj
120-17	12-punct	12-punct
120-18	12-cc	12-cc
120-19	21-aux	21-aux
120-20	21-dobj	21-nsubj
120-21	12-conj	12-conj
120-22	23-punct	21-punct
120-23	21-xcomp	21-dobj
120-24	23-punct	21-punct
120-25	5-punct	12-punct

121-0	8-dobj	3-nsubj
121-1	3-mark	3-nsubj
121-2	3-neg	3-mark
121-3	0-acl	12-root
121-4	5-amod	5-amod
121-5	3-dobj	3-dobj
121-6	8-advmod	8-advmod
121-7	8-compound	8-nsubj
121-8	12-root	3-conj
121-9	10-case	10-case
121-10	8-nmod	8-nmod
121-11	8-punct	3-punct

122-0	1-amod	1-amod
122-1	2-nsubj	11-root
122-2	11-root	1-amod
122-3	2-cop	11-aux
122-4	5-amod	5-amod
122-5	2-nmod	11-root
122-6	7-amod	7-amod
122-7	5-nmod	11-root
122-8	9-amod	9-amod
122-9	7-nmod	7-nmod
122-10	2-punct	7-punct

123-0	5-mark	5-mark
123-1	5-dobj	5-nsubj
123-2	5-discourse	5-mark
123-3	5-nsubj	5-nsubj
123-4	5-advmod	5-advmod
123-5	7-advcl	7-advcl
123-6	5-punct	5-punct
123-7	14-root	14-root
123-8	7-aux	10-aux
123-9	10-dobj	10-nsubj
123-10	7-xcomp	7-conj
123-11	12-case	12-case
123-12	10-nmod	10-nmod
123-13	7-punct	7-punct

124-0	1-amod	1-amod
124-1	3-nsubj	5-root
124-2	3-cop	3-aux
124-3	5-root	1-nmod
124-4	3-punct	1-punct

125-0	5-advmod	5-advmod
125-1	2-case	2-case
125-2	0-nmod	5-nsubj
125-3	5-dobj	5-nsubj
125-4	5-compound	5-nsubj
125-5	11-root	11-root
125-6	7-discourse	5-cc
125-7	5-nsubj	11-root
125-8	7-appos	9-name
125-9	8-name	7-nmod
125-10	5-punct	7-punct

126-0	8-nsubj	16-root
126-1	0-nmod	0-nmod
126-2	1-cc	1-cc
126-3	1-conj	0-nmod
126-4	5-case	5-case
126-5	0-nmod	0-nmod
126-6	8-cop	8-aux
126-7	8-advmod	8-advmod
126-8	16-root	5-amod
126-9	11-punct	16-punct
126-10	11-case	16-mark
126-11	8-parataxis	16-root
126-12	13-case	13-case
126-13	11-punct	11-nmod
126-14	11-punct	11-punct
126-15	8-punct	11-punct

127-0	4-nsubj	4-nsubj
127-1	4-aux	4-aux
127-2	3-nummod	3-nummod
127-3	4-nmod	4-nsubj
127-4	21-root	21-root
127-5	4-dobj	4-dobj
127-6	9-punct	9-punct
127-7	9-mark	9-nsubj
127-8	9-aux	9-aux
127-9	4-parataxis	21-root
127-10	11-nummod	11-nummod
127-11	9-nsubj	19-nsubj
127-12	11-nmod	19-nsubj
127-13	12-nmod	12-nmod
127-14	9-punct	19-punct
127-15	19-mark	19-nsubj
127-16	19-compound	19-nsubj
127-17	18-amod	18-amod
127-18	19-nsubj	19-nsubj
127-19	4-parataxis	9-advcl
127-20	4-punct	9-punct

128-0	1-case	1-case
128-1	5-nmod	5-nsubj
128-2	3-amod	3-amod
128-3	1-nmod	5-nsubj
128-4	5-nsubj	3-nmod
128-5	22-root	22-root
128-6	7-case	7-case
128-7	5-nmod	5-dobj
128-8	10-punct	5-punct
128-9	10-case	10-case
128-10	7-nmod	5-dobj
128-11	5-xcomp	22-root
128-12	11-compound	22-root
128-13	15-case	15-case
128-14	15-amod	15-amod
128-15	11-nmod	22-root
128-16	20-case	17-case
128-17	20-amod	15-amod
128-18	17-cc	17-cc
128-19	17-conj	20-amod
128-20	15-nmod	15-nmod
128-21	5-punct	15-punct

129-0	1-amod	1-amod
129-1	6-nsubj	26-root
129-2	4-case	4-case
129-3	4-amod	4-amod
129-4	1-nmod	1-nmod
129-5	6-cop	26-aux
129-6	26-root	26-root
129-7	10-nummod	8-nummod
129-8	7-punct	26-root
129-9	7-conj	10-nummod
129-10	6-nmod	26-root
129-11	6-appos	10-nmod
129-12	6-punct	10-punct
129-13	6-cc	10-cc
129-14	17-nsubj	10-amod
129-15	17-cop	20-aux
129-16	17-nummod	17-name
129-17	6-conj	20-nsubj
129-18	20-punct	20-punct
129-19	20-advmod	20-advmod
129-20	17-parataxis	26-root
129-21	22-case	26-mark
129-22	20-nmod	26-root
129-23	22-nummod	22-nmod
129-24	20-punct	22-punct
129-25	6-punct	22-punct

130-0	1-case	1-case
130-1	2-nmod	2-nsubj
130-2	33-root	33-root
130-3	4-case	4-case
130-4	2-nmod	2-nmod
130-5	7-punct	2-punct
130-6	7-case	7-case
130-7	1-remnant	2-nmod
130-8	9-case	9-case
130-9	4-remnant	7-nmod
130-10	9-punct	9-punct
130-11	9-conj	7-nmod
130-12	11-name	11-cc
130-13	11-name	7-nmod
130-14	9-cc	13-cc
130-15	16-compound	16-name
130-16	9-conj	7-nmod
130-17	19-punct	2-punct
130-18	19-case	19-case
130-19	7-remnant	2-nmod
130-20	21-case	21-case
130-21	9-remnant	19-nmod
130-22	21-cc	21-cc
130-23	21-conj	19-nmod
130-24	4-cc	19-cc
130-25	26-case	26-case
130-26	19-remnant	2-nmod
130-27	28-case	28-case
130-28	21-remnant	26-nmod
130-29	28-cc	28-cc
130-30	28-conj	33-root
130-31	30-compound	30-nmod
130-32	2-punct	30-punct

131-0	12-nsubj	1-amod
131-1	0-nmod	4-nmod
131-2	4-mark	4-nsubj
131-3	4-compound	4-nsubj
131-4	1-acl	53-root
131-5	4-nsubj	30-nsubj
131-6	5-nmod	5-nmod
131-7	8-amod	12-nsubj
131-8	6-nmod	12-nsubj
131-9	12-cop	12-aux
131-10	11-case	11-case
131-11	12-nmod	12-nsubj
131-12	53-root	6-amod
131-13	12-punct	5-punct
131-14	12-cc	5-cc
131-15	20-case	16-case
131-16	20-amod	5-amod
131-17	16-punct	18-punct
131-18	20-amod	5-amod
131-19	18-punct	18-punct
131-20	30-nmod	5-nmod
131-21	23-punct	5-punct
131-22	23-case	23-case
131-23	20-parataxis	5-nmod
131-24	23-nmod	26-nsubj
131-25	26-case	26-case
131-26	24-nmod	23-amod
131-27	23-punct	30-punct
131-28	29-det	30-nsubj
131-29	30-nsubj	30-nsubj
131-30	12-conj	53-root
131-31	30-nummod	33-nummod
131-32	33-case	33-case
131-33	30-nmod	37-nummod
131-34	30-punct	33-punct
131-35	30-cc	33-cc
131-36	37-amod	37-amod
131-37	47-nsubj	30-dobj
131-38	39-discourse	47-mark
131-39	37-cc	41-cc
131-40	41-amod	41-amod
131-41	37-conj	47-nsubj
131-42	41-nmod	41-nmod
131-43	44-punct	41-punct
131-44	41-parataxis	41-nmod
131-45	44-punct	47-punct
131-46	47-compound	47-nsubj
131-47	30-conj	30-conj
131-48	49-case	49-case
131-49	47-nmod	47-dobj
131-50	51-case	51-case
131-51	47-nmod	49-nmod
131-52	12-punct	30-punct

132-0	1-case	1-case
132-1	8-nmod	8-nmod
132-2	1-nmod	8-nmod
132-3	2-compound	2-nmod
132-4	1-punct	2-punct
132-5	6-case	6-case
132-6	8-nmod	8-nmod
132-7	6-nmod	8-nsubj
132-8	18-root	18-root
132-9	8-compound	18-root
132-10	11-amod	11-amod
132-11	8-nsubj	18-root
132-12	11-appos	11-nmod
132-13	12-cc	12-cc
132-14	12-conj	11-nmod
132-15	12-cc	14-cc
132-16	12-conj	11-nmod
132-17	8-punct	11-punct

133-0	4-nsubj	4-nsubj
133-1	4-advmod	4-advmod
133-2	3-amod	4-nsubj
133-3	4-dobj	4-nsubj
133-4	10-root	10-root
133-5	4-punct	4-punct
133-6	4-cc	4-cc
133-7	8-dobj	8-nsubj
133-8	4-conj	4-advcl
133-9	4-punct	4-punct

134-0	3-nsubj	11-nsubj
134-1	3-cop	11-aux
134-2	3-amod	3-amod
134-3	13-root	11-nsubj
134-4	5-case	5-case
134-5	3-nmod	3-nmod
134-6	8-case	7-case
134-7	8-amod	8-nsubj
134-8	5-nmod	5-nmod
134-9	11-punct	11-punct
134-10	11-advmod	11-advmod
134-11	8-parataxis	13-root
134-12	3-punct	11-punct

135-0	3-nsubj	12-root
135-1	3-cop	12-aux
135-2	3-amod	3-amod
135-3	12-root	12-root
135-4	5-case	5-case
135-5	3-nmod	3-nmod
135-6	8-case	12-mark
135-7	8-amod	8-amod
135-8	5-nmod	12-root
135-9	10-nmod	10-nsubj
135-10	8-nmod	8-nmod
135-11	3-punct	8-punct

136-0	2-case	1-case
136-1	2-det	4-nsubj
136-2	4-nmod	4-nmod
136-3	4-aux	4-aux
136-4	20-root	11-advcl
136-5	4-nsubj	11-nmod
136-6	5-appos	5-nmod
136-7	6-cc	6-cc
136-8	9-compound	5-cc
136-9	6-conj	11-nsubj
136-10	11-compound	11-mark
136-11	9-compound	20-root
136-12	14-mark	14-nsubj
136-13	14-aux	14-aux
136-14	5-acl	11-conj
136-15	18-discourse	14-cc
136-16	18-nummod	18-amod
136-17	18-amod	18-amod
136-18	14-dobj	14-nmod
136-19	4-punct	11-punct

137-0	10-nsubj	12-nsubj
137-1	4-punct	0-punct
137-2	4-case	4-case
137-3	4-amod	4-amod
137-4	0-parataxis	0-nmod
137-5	6-punct	0-punct
137-6	4-appos	0-nmod
137-7	4-punct	0-punct
137-8	10-cop	12-aux
137-9	10-amod	10-amod
137-10	21-root	12-nsubj
137-11	12-mark	12-nsubj
137-12	10-acl	21-root
137-13	14-advmod	14-advmod
137-14	16-amod	16-amod
137-15	16-amod	16-amod
137-16	12-dobj	12-dobj
137-17	12-xcomp	18-advmod
137-18	19-amod	19-amod
137-19	17-dobj	16-nmod
137-20	10-punct	12-punct

138-0	2-mark	2-advmod
138-1	2-compound	2-nsubj
138-2	6-advcl	44-root
138-3	2-nsubj	2-dobj
138-4	5-case	5-case
138-5	2-nmod	6-nmod
138-6	44-root	2-conj
138-7	6-compound	8-nsubj
138-8	6-nsubj	6-dobj
138-9	10-mwe	11-mark
138-10	14-mark	11-mark
138-11	14-cop	14-aux
138-12	14-punct	14-punct
138-13	14-punct	14-punct
138-14	8-acl	8-amod
138-15	14-punct	6-punct
138-16	14-cc	6-cc
138-17	18-punct	6-punct
138-18	14-conj	24-amod
138-19	18-punct	18-punct
138-20	24-punct	18-punct
138-21	24-advmod	22-advmod
138-22	24-compound	24-amod
138-23	24-compound	24-amod
138-24	14-parataxis	6-nmod
138-25	24-punct	6-punct
138-26	27-amod	27-amod
138-27	24-conj	6-dobj
138-28	29-case	29-case
138-29	27-nmod	27-nmod
138-30	24-punct	6-punct
138-31	32-amod	32-amod
138-32	24-conj	6-nmod
138-33	24-cc	32-cc
138-34	24-conj	6-advmod
138-35	24-punct	6-punct
138-36	39-punct	6-punct
138-37	39-case	39-case
138-38	39-amod	39-amod
138-39	6-parataxis	44-root
138-40	41-det	41-amod
138-41	39-nmod	44-root
138-42	41-nmod	41-nmod
138-43	6-punct	41-punct

139-0	2-nsubj	10-root
139-1	0-name	10-root
139-2	10-root	10-root
139-3	2-cop	10-aux
139-4	5-nummod	5-nummod
139-5	2-nmod	10-root
139-6	5-nummod	5-nummod
139-7	8-case	8-case
139-8	2-nmod	5-nmod
139-9	2-punct	5-punct

140-0	1-amod	2-nsubj
140-1	2-nsubj	2-nsubj
140-2	14-root	14-root
140-3	6-punct	6-punct
140-4	6-mark	6-mark
140-5	6-nsubj	6-nsubj
140-6	2-ccomp	2-ccomp
140-7	6-xcomp	14-root
140-8	9-advmod	10-advmod
140-9	10-nummod	10-nummod
140-10	7-dobj	14-root
140-11	10-nmod	14-root
140-12	11-nmod	11-nmod
140-13	2-punct	11-punct

141-0	1-nsubj	1-nsubj
141-1	18-root	8-cop
141-2	5-discourse	1-cc
141-3	5-nummod	5-amod
141-4	5-amod	5-amod
141-5	1-dobj	1-nmod
141-6	11-punct	1-punct
141-7	11-advmod	8-advmod
141-8	11-amod	11-amod
141-9	10-punct	8-punct
141-10	11-amod	11-amod
141-11	5-appos	13-nsubj
141-12	13-mark	13-nsubj
141-13	11-acl	18-root
141-14	13-dobj	13-dobj
141-15	16-case	16-case
141-16	13-nmod	14-nmod
141-17	1-punct	13-punct

142-0	3-discourse	3-cc
142-1	0-punct	3-punct
142-2	3-advmod	3-advmod
142-3	18-root	18-root
142-4	11-mark	11-mark
142-5	11-dobj	11-nsubj
142-6	11-compound	11-nsubj
142-7	11-advmod	8-advmod
142-8	11-advmod	11-advmod
142-9	11-discourse	8-cc
142-10	11-neg	11-mark
142-11	3-ccomp	3-conj
142-12	11-cc	11-cc
142-13	14-compound	14-nsubj
142-14	11-conj	3-conj
142-15	16-case	16-case
142-16	14-nmod	14-nmod
142-17	3-punct	3-punct

143-0	1-case	4-advmod
143-1	4-nmod	4-nsubj
143-2	4-compound	4-nsubj
143-3	4-advmod	4-advmod
143-4	26-root	26-root
143-5	6-amod	6-amod
143-6	4-nsubj	4-dobj
143-7	8-case	8-case
143-8	4-nmod	26-root
143-9	10-amod	10-amod
143-10	8-nmod	8-nmod
143-11	4-xcomp	12-advmod
143-12	11-dobj	26-root
143-13	12-nmod	12-nmod
143-14	13-cc	13-cc
143-15	13-conj	13-nmod
143-16	4-punct	12-punct
143-17	4-cc	12-cc
143-18	20-nsubj	12-nmod
143-19	20-cop	26-aux
143-20	4-conj	23-amod
143-21	23-case	23-case
143-22	23-nummod	23-amod
143-23	20-nmod	26-root
143-24	23-nmod	23-nmod
143-25	4-punct	23-punct

144-0	6-nsubj	6-nsubj
144-1	2-amod	2-amod
144-2	0-nmod	6-nsubj
144-3	6-advmod	6-advmod
144-4	6-aux	6-aux
144-5	6-compound	6-nsubj
144-6	13-root	13-root
144-7	10-mark	10-advmod
144-8	10-nsubj	10-nsubj
144-9	8-appos	10-nsubj
144-10	6-advcl	13-root
144-11	10-dobj	10-nmod
144-12	6-punct	10-punct

145-0	2-nsubj	8-root
145-1	2-dobj	8-root
145-2	8-root	8-aux
145-3	4-case	4-case
145-4	2-nmod	8-root
145-5	6-case	6-case
145-6	4-nmod	4-nmod
145-7	2-punct	4-punct

146-0	1-amod	1-amod
146-1	4-nsubj	4-nsubj
146-2	4-advmod	4-advmod
146-3	4-compound	4-nsubj
146-4	16-root	16-root
146-5	6-case	14-mark
146-6	4-nmod	14-nmod
146-7	9-amod	9-amod
146-8	9-amod	9-amod
146-9	6-nmod	6-nmod
146-10	12-case	12-case
146-11	12-nummod	12-amod
146-12	6-nmod	6-nmod
146-13	14-case	14-case
146-14	6-nmod	4-advmod
146-15	4-punct	4-punct

147-0	1-amod	1-amod
147-1	2-dobj	2-nsubj
147-2	13-root	13-root
147-3	2-xcomp	2-conj
147-4	5-case	5-case
147-5	3-nmod	3-dobj
147-6	7-case	7-case
147-7	9-mark	11-nsubj
147-8	9-auxpass	9-aux
147-9	5-acl	11-amod
147-10	11-det	11-nsubj
147-11	9-nsubjpass	5-nmod
147-12	2-punct	2-punct

148-0	3-case	3-case
148-1	3-amod	3-amod
148-2	3-amod	3-amod
148-3	4-nmod	4-nsubj
148-4	27-root	27-root
148-5	4-compound	27-root
148-6	7-case	27-mark
148-7	4-nmod	27-root
148-8	7-nmod	27-root
148-9	11-det	8-amod
148-10	11-nmod	11-nsubj
148-11	8-nmod	8-nmod
148-12	11-punct	8-punct
148-13	11-appos	8-nmod
148-14	13-punct	8-punct
148-15	13-conj	8-nmod
148-16	13-punct	8-punct
148-17	13-conj	8-nmod
148-18	13-punct	19-punct
148-19	20-amod	20-amod
148-20	13-conj	8-nmod
148-21	13-punct	22-punct
148-22	23-amod	23-amod
148-23	13-conj	8-nmod
148-24	13-cc	23-cc
148-25	13-conj	23-nmod
148-26	4-punct	8-punct

149-0	2-nsubj	15-root
149-1	2-cop	15-aux
149-2	15-root	15-root
149-3	4-compound	4-amod
149-4	2-nmod	2-nmod
149-5	8-punct	8-punct
149-6	8-advmod	8-advmod
149-7	8-foreign	8-name
149-8	4-appos	2-nmod
149-9	8-punct	2-punct
149-10	11-punct	2-punct
149-11	4-appos	15-root
149-12	11-nmod	15-root
149-13	12-compound	12-nmod
149-14	2-punct	12-punct

150-0	1-amod	1-amod
150-1	3-dobj	3-nsubj
150-2	1-nmod	3-nsubj
150-3	10-root	10-root
150-4	5-amod	5-amod
150-5	3-nsubj	3-dobj
150-6	5-acl	5-amod
150-7	8-case	8-case
150-8	6-nmod	5-nmod
150-9	3-punct	3-punct

151-0	11-nsubj	11-nsubj
151-1	2-amod	2-amod
151-2	0-nmod	0-nmod
151-3	11-aux	11-aux
151-4	7-punct	7-punct
151-5	7-case	7-case
151-6	7-amod	7-amod
151-7	11-discourse	11-nsubj
151-8	9-det	9-nsubj
151-9	7-nmod	7-nmod
151-10	7-punct	7-punct
151-11	22-root	22-root
151-12	15-mark	15-advmod
151-13	15-aux	15-aux
151-14	15-nsubj	15-nsubj
151-15	11-advcl	11-conj
151-16	18-nmod	18-nsubj
151-17	18-nummod	18-nummod
151-18	15-dobj	15-dobj
151-19	20-case	20-case
151-20	18-nmod	18-nmod
151-21	11-punct	11-punct

152-0	17-nsubj	17-nsubj
152-1	2-case	2-mark
152-2	0-nmod	0-nmod
152-3	2-cc	2-cc
152-4	2-conj	17-nsubj
152-5	6-amod	13-amod
152-6	13-amod	5-conj
152-7	6-punct	5-punct
152-8	6-conj	5-conj
152-9	6-punct	8-punct
152-10	6-conj	5-conj
152-11	6-cc	10-cc
152-12	6-conj	13-amod
152-13	2-nmod	4-nmod
152-14	16-case	16-case
152-15	16-amod	16-amod
152-16	13-nmod	17-nsubj
152-17	41-root	18-cop
152-18	21-amod	21-amod
152-19	18-cc	18-cc
152-20	18-conj	21-amod
152-21	17-dobj	41-root
152-22	23-case	23-case
152-23	17-nmod	41-root
152-24	23-nmod	41-root
152-25	26-amod	26-amod
152-26	24-nmod	24-nmod
152-27	24-punct	24-punct
152-28	24-cc	24-cc
152-29	24-conj	41-root
152-30	31-amod	31-amod
152-31	29-nmod	29-nmod
152-32	36-case	33-mark
152-33	36-amod	31-amod
152-34	35-punct	35-punct
152-35	36-amod	36-amod
152-36	31-nmod	41-root
152-37	36-nmod	41-root
152-38	39-amod	39-amod
152-39	37-nmod	37-nmod
152-40	17-punct	37-punct

153-0	2-nsubj	2-nmod
153-1	0-nmod	2-nmod
153-2	10-root	10-root
153-3	2-dobj	10-root
153-4	3-nmod	3-nmod
153-5	4-punct	4-punct
153-6	4-conj	4-nmod
153-7	4-cc	6-cc
153-8	4-conj	6-nmod
153-9	2-punct	3-punct

154-0	2-nsubj	2-nsubj
154-1	2-compound	2-nsubj
154-2	18-root	18-root
154-3	2-xcomp	2-ccomp
154-4	7-case	6-case
154-5	6-advmod	6-advmod
154-6	7-nummod	18-root
154-7	2-nmod	6-nmod
154-8	9-punct	9-punct
154-9	7-parataxis	18-root
154-10	9-punct	9-punct
154-11	14-punct	18-punct
154-12	14-advmod	18-root
154-13	14-case	14-case
154-14	7-parataxis	18-root
154-15	16-amod	16-amod
154-16	14-nmod	14-nmod
154-17	2-punct	14-punct

155-0	10-nsubj	3-nsubj
155-1	3-punct	0-punct
155-2	3-amod	3-amod
155-3	0-parataxis	14-root
155-4	5-punct	3-punct
155-5	3-appos	14-root
155-6	5-compound	5-nmod
155-7	3-punct	14-punct
155-8	10-amod	14-root
155-9	10-cop	14-aux
155-10	14-root	14-root
155-11	12-case	12-case
155-12	10-nmod	10-nmod
155-13	10-punct	10-punct

156-0	1-dobj	1-nsubj
156-1	20-root	20-root
156-2	3-amod	3-amod
156-3	1-nsubj	1-dobj
156-4	5-case	5-case
156-5	3-nmod	20-root
156-6	5-nmod	5-nmod
156-7	8-advmod	8-advmod
156-8	9-amod	12-amod
156-9	12-amod	8-conj
156-10	9-cc	9-cc
156-11	9-conj	12-amod
156-12	3-nmod	6-nmod
156-13	18-punct	18-punct
156-14	18-mark	18-nsubj
156-15	18-cop	18-aux
156-16	18-case	18-case
156-17	18-amod	18-amod
156-18	3-acl	5-nmod
156-19	1-punct	5-punct

157-0	2-amod	2-amod
157-1	2-amod	2-amod
157-2	4-nsubj	14-root
157-3	4-cop	14-aux
157-4	14-root	5-name
157-5	4-name	14-root
157-6	9-parataxis	5-punct
157-7	9-case	9-case
157-8	9-nummod	9-nummod
157-9	4-parataxis	14-root
157-10	11-nummod	11-nummod
157-11	9-nmod	9-nmod
157-12	9-parataxis	9-punct
157-13	4-punct	9-punct

158-0	2-compound	2-amod
158-1	2-compound	2-amod
158-2	15-nsubj	27-root
158-3	4-punct	2-punct
158-4	2-appos	2-nmod
158-5	9-punct	6-punct
158-6	9-advmod	7-amod
158-7	9-foreign	9-name
158-8	9-foreign	9-name
158-9	2-appos	2-nmod
158-10	11-punct	2-punct
158-11	9-appos	2-nmod
158-12	9-punct	27-punct
158-13	15-amod	27-root
158-14	15-cop	19-aux
158-15	27-root	19-nsubj
158-16	17-compound	17-amod
158-17	15-nmod	15-nmod
158-18	19-mark	19-nsubj
158-19	15-acl	13-conj
158-20	22-case	27-mark
158-21	22-amod	22-amod
158-22	19-nmod	27-root
158-23	25-amod	25-amod
158-24	25-amod	25-amod
158-25	22-nmod	22-nmod
158-26	15-punct	22-punct

159-0	1-case	1-case
159-1	12-nmod	27-root
159-2	1-appos	1-nmod
159-3	2-compound	2-nummod
159-4	6-compound	6-punct
159-5	6-compound	6-amod
159-6	2-compound	27-root
159-7	8-compound	11-amod
159-8	11-compound	7-conj
159-9	8-compound	8-cc
159-10	8-compound	11-amod
159-11	6-compound	27-root
159-12	27-root	11-amod
159-13	12-auxpass	17-aux
159-14	15-discourse	17-advmod
159-15	17-nummod	17-nummod
159-16	17-nmod	17-amod
159-17	12-nsubjpass	11-nmod
159-18	25-punct	11-punct
159-19	20-case	20-case
159-20	25-mark	25-nsubj
159-21	25-cop	25-aux
159-22	25-nsubj	25-nummod
159-23	25-case	25-case
159-24	25-nummod	25-amod
159-25	17-acl	11-nummod
159-26	12-punct	11-punct

160-0	1-amod	1-amod
160-1	3-nsubj	3-nsubj
160-2	1-nmod	3-nsubj
160-3	33-root	33-root
160-4	5-amod	5-amod
160-5	3-dobj	3-dobj
160-6	9-amod	5-amod
160-7	6-cc	6-cc
160-8	6-conj	9-amod
160-9	5-nmod	5-nmod
160-10	9-cc	9-cc
160-11	13-amod	13-amod
160-12	13-amod	13-amod
160-13	9-conj	9-nmod
160-14	17-punct	23-punct
160-15	17-mark	23-nsubj
160-16	17-cop	23-aux
160-17	13-acl	23-amod
160-18	23-advmod	17-advmod
160-19	18-cc	17-cc
160-20	18-conj	23-advmod
160-21	23-case	23-case
160-22	23-amod	23-amod
160-23	17-nmod	3-dobj
160-24	23-punct	3-punct
160-25	23-cc	3-cc
160-26	30-advmod	3-advmod
160-27	26-cc	3-cc
160-28	26-conj	3-advmod
160-29	30-case	30-case
160-30	23-conj	33-root
160-31	30-nmod	30-nmod
160-32	3-punct	30-punct

161-0	1-amod	1-amod
161-1	4-nsubj	18-root
161-2	1-nmod	1-nmod
161-3	4-cop	4-aux
161-4	18-root	1-amod
161-5	7-punct	1-punct
161-6	7-case	7-case
161-7	4-parataxis	1-nmod
161-8	9-case	9-case
161-9	7-nmod	7-nmod
161-10	7-punct	1-punct
161-11	14-case	14-case
161-12	14-compound	14-amod
161-13	14-compound	14-amod
161-14	4-nmod	18-root
161-15	4-nmod	18-root
161-16	15-nmod	15-nmod
161-17	4-punct	15-punct

162-0	13-nsubj	6-nsubj
162-1	2-case	2-case
162-2	6-mark	6-nsubj
162-3	6-cop	6-aux
162-4	5-nummod	5-nummod
162-5	6-nsubj	6-nsubj
162-6	0-acl	15-amod
162-7	6-punct	6-punct
162-8	6-cc	6-cc
162-9	10-nsubj	15-amod
162-10	6-conj	15-amod
162-11	13-cop	13-aux
162-12	13-advmod	13-advmod
162-13	23-root	15-amod
162-14	15-case	15-case
162-15	13-nmod	19-nsubj
162-16	17-case	17-case
162-17	19-mark	19-nsubj
162-18	19-compound	19-nsubj
162-19	15-acl	23-root
162-20	21-amod	21-amod
162-21	19-nsubj	19-nmod
162-22	13-punct	19-punct

163-0	1-case	1-case
163-1	8-discourse	7-nsubj
163-2	1-punct	4-punct
163-3	4-case	4-case
163-4	8-nmod	7-nsubj
163-5	4-nmod	4-nmod
163-6	7-mark	7-nsubj
163-7	5-acl	50-root
163-8	50-root	7-conj
163-9	13-nmod	13-nsubj
163-10	13-amod	13-amod
163-11	13-amod	13-amod
163-12	13-amod	13-amod
163-13	8-nsubj	8-dobj
163-14	15-punct	8-punct
163-15	13-appos	19-nmod
163-16	15-nmod	15-nmod
163-17	19-punct	19-punct
163-18	19-mark	19-nsubj
163-19	15-acl	50-root
163-20	19-dobj	24-nsubj
163-21	20-nmod	20-nmod
163-22	24-mark	24-mark
163-23	24-aux	24-aux
163-24	20-advcl	50-root
163-25	24-dobj	24-dobj
163-26	25-punct	25-punct
163-27	25-conj	24-nmod
163-28	24-cc	24-cc
163-29	24-conj	50-root
163-30	29-dobj	29-dobj
163-31	15-punct	29-punct
163-32	15-cc	29-cc
163-33	15-conj	37-nmod
163-34	33-nmod	33-nmod
163-35	37-punct	37-punct
163-36	37-mark	37-nsubj
163-37	33-acl	50-root
163-38	37-dobj	42-nsubj
163-39	38-nmod	38-nmod
163-40	42-mark	42-mark
163-41	42-aux	42-aux
163-42	38-advcl	50-root
163-43	44-amod	44-amod
163-44	42-dobj	42-dobj
163-45	44-punct	44-punct
163-46	44-conj	44-nmod
163-47	44-cc	46-cc
163-48	44-conj	46-nmod
163-49	8-punct	42-punct

164-0	1-nsubj	1-nmod
164-1	5-root	5-root
164-2	3-nummod	3-nummod
164-3	1-dobj	1-nmod
164-4	1-punct	1-punct

165-0	15-nsubjpass	10-nsubj
165-1	0-nmod	0-nmod
165-2	3-punct	0-punct
165-3	0-appos	4-name
165-4	3-foreign	0-nmod
165-5	3-punct	0-punct
165-6	0-cc	0-cc
165-7	0-conj	0-nmod
165-8	10-mark	10-nsubj
165-9	10-dobj	10-aux
165-10	7-acl	23-root
165-11	12-punct	10-punct
165-12	7-appos	13-name
165-13	12-foreign	10-nmod
165-14	12-punct	21-punct
165-15	23-root	21-amod
165-16	15-auxpass	17-aux
165-17	21-amod	15-conj
165-18	17-cc	17-cc
165-19	20-advmod	20-advmod
165-20	17-conj	21-amod
165-21	15-dobj	10-nmod
165-22	15-punct	10-punct

166-0	1-case	1-case
166-1	9-nmod	12-nsubj
166-2	3-case	3-case
166-3	1-nmod	12-nsubj
166-4	5-nummod	5-amod
166-5	3-nmod	3-nmod
166-6	1-punct	12-punct
166-7	9-nsubj	12-nsubj
166-8	9-cop	9-aux
166-9	26-root	7-amod
166-10	9-punct	12-punct
166-11	12-nsubj	12-nsubj
166-12	9-conj	26-root
166-13	14-discourse	19-mark
166-14	15-advmod	15-advmod
166-15	16-nummod	19-nsubj
166-16	12-nmod	15-nmod
166-17	9-punct	15-punct
166-18	9-cc	15-cc
166-19	9-conj	12-ccomp
166-20	19-xcomp	12-conj
166-21	22-case	23-case
166-22	23-nummod	23-nummod
166-23	20-nmod	26-root
166-24	23-nmod	23-nmod
166-25	9-punct	23-punct

167-0	1-case	1-case
167-1	3-nmod	3-nsubj
167-2	3-nsubj	3-nsubj
167-3	20-root	20-root
167-4	3-dobj	3-dobj
167-5	6-case	6-case
167-6	3-nmod	4-nmod
167-7	6-cc	6-cc
167-8	6-conj	6-nmod
167-9	6-punct	3-punct
167-10	11-amod	11-amod
167-11	6-conj	3-dobj
167-12	6-punct	3-punct
167-13	6-conj	20-root
167-14	15-amod	15-amod
167-15	13-nmod	13-nmod
167-16	6-cc	15-cc
167-17	6-conj	20-root
167-18	17-nmod	17-nmod
167-19	3-punct	17-punct

168-0	8-root	3-cop
168-1	0-compound	3-nsubj
168-2	3-case	3-case
168-3	6-amod	6-amod
168-4	3-cc	3-cc
168-5	3-conj	6-amod
168-6	0-nmod	8-root
168-7	0-punct	6-punct

169-0	1-advmod	1-advmod
169-1	2-amod	2-amod
169-2	6-nsubj	6-nsubj
169-3	2-nmod	2-amod
169-4	6-aux	6-aux
169-5	6-iobj	6-nsubj
169-6	28-root	28-root
169-7	6-xcomp	28-root
169-8	6-dobj	7-nmod
169-9	10-nummod	10-nummod
169-10	8-nmod	7-nmod
169-11	6-cc	7-cc
169-12	16-aux	16-aux
169-13	16-advmod	14-advmod
169-14	15-nmod	15-amod
169-15	16-nsubj	16-nmod
169-16	6-conj	28-root
169-17	16-dobj	23-nsubj
169-18	21-amod	21-amod
169-19	21-compound	21-amod
169-20	21-compound	21-amod
169-21	17-nmod	17-nmod
169-22	23-mark	23-mark
169-23	16-ccomp	28-root
169-24	23-dobj	23-nmod
169-25	26-case	26-case
169-26	23-nmod	23-nmod
169-27	6-punct	23-punct

170-0	5-nsubj	11-nmod
170-1	5-cop	11-aux
170-2	5-discourse	4-advmod
170-3	2-punct	4-punct
170-4	5-amod	5-amod
170-5	15-root	11-nmod
170-6	5-nmod	11-nmod
170-7	6-nmod	6-nmod
170-8	11-punct	11-punct
170-9	11-mark	11-nsubj
170-10	11-compound	11-nsubj
170-11	5-acl	15-root
170-12	11-nsubj	15-root
170-13	12-nmod	12-nmod
170-14	5-punct	12-punct

171-0	1-mwe	3-mark
171-1	3-mark	3-mark
171-2	3-nsubj	3-nsubj
171-3	33-advcl	35-root
171-4	5-case	5-case
171-5	3-nmod	3-dobj
171-6	8-case	8-case
171-7	8-amod	8-amod
171-8	5-nmod	14-nmod
171-9	8-nmod	8-nmod
171-10	14-punct	14-punct
171-11	14-mark	14-advmod
171-12	14-compound	14-nsubj
171-13	14-advmod	14-advmod
171-14	8-acl	35-root
171-15	14-nsubj	35-root
171-16	15-nmod	15-nmod
171-17	18-det	18-nsubj
171-18	16-nmod	16-nmod
171-19	14-punct	35-punct
171-20	23-nmod	35-root
171-21	33-cop	35-aux
171-22	23-amod	23-amod
171-23	33-nsubj	35-root
171-24	25-case	25-case
171-25	23-nmod	23-nmod
171-26	29-amod	25-amod
171-27	26-cc	26-cc
171-28	26-conj	29-amod
171-29	25-nmod	23-nmod
171-30	31-case	31-case
171-31	29-nmod	23-nmod
171-32	33-advmod	33-advmod
171-33	35-root	31-amod
171-34	33-punct	23-punct

172-0	2-mark	2-mark
172-1	2-nsubj	2-nmod
172-2	9-advcl	9-cop
172-3	5-nummod	5-nummod
172-4	5-amod	5-amod
172-5	2-dobj	2-nmod
172-6	2-punct	9-punct
172-7	9-advmod	9-advmod
172-8	9-cop	9-aux
172-9	22-root	22-root
172-10	9-punct	9-punct
172-11	9-cc	9-cc
172-12	16-mark	22-mark
172-13	16-cop	22-aux
172-14	16-dobj	22-root
172-15	16-nsubj	22-root
172-16	17-advcl	22-root
172-17	9-conj	16-conj
172-18	17-xcomp	17-dobj
172-19	20-case	20-case
172-20	18-nmod	18-nmod
172-21	9-punct	16-punct

173-0	2-nsubj	2-nsubj
173-1	2-dobj	0-nmod
173-2	12-root	12-root
173-3	2-punct	2-punct
173-4	2-dobj	2-dobj
173-5	2-punct	2-punct
173-6	4-conj	2-dobj
173-7	2-punct	6-punct
173-8	4-conj	6-nmod
173-9	4-cc	8-cc
173-10	4-conj	8-nmod
173-11	2-punct	2-punct

174-0	2-det	3-nsubj
174-1	2-nummod	2-nummod
174-2	3-nsubj	3-nmod
174-3	20-root	20-root
174-4	3-compound	5-nsubj
174-5	3-xcomp	3-conj
174-6	7-case	7-case
174-7	5-nmod	5-dobj
174-8	10-case	10-case
174-9	10-amod	10-amod
174-10	7-nmod	20-root
174-11	10-nmod	10-nmod
174-12	13-case	13-case
174-13	10-nmod	20-root
174-14	13-nmod	13-nmod
174-15	14-punct	14-punct
174-16	14-conj	14-nmod
174-17	14-cc	16-cc
174-18	14-conj	16-nmod
174-19	3-punct	13-punct

175-0	3-nsubj	20-root
175-1	3-aux	20-aux
175-2	3-cop	20-aux
175-3	20-root	20-root
175-4	5-compound	5-amod
175-5	3-nmod	3-nmod
175-6	10-mark	10-nsubj
175-7	10-aux	10-aux
175-8	10-cop	10-aux
175-9	10-advmod	10-advmod
175-10	3-acl	5-amod
175-11	12-case	12-case
175-12	10-nmod	5-nmod
175-13	14-nummod	14-nummod
175-14	12-nmod	3-nmod
175-15	16-case	16-case
175-16	10-nmod	20-root
175-17	18-amod	18-amod
175-18	16-nmod	16-nmod
175-19	3-punct	16-punct

176-0	1-nsubj	1-nmod
176-1	30-root	3-cop
176-2	1-xcomp	3-aux
176-3	2-xcomp	6-amod
176-4	6-punct	3-punct
176-5	6-case	6-case
176-6	3-parataxis	30-root
176-7	6-punct	6-punct
176-8	3-punct	9-punct
176-9	3-conj	6-amod
176-10	12-punct	6-punct
176-11	12-case	12-case
176-12	9-parataxis	30-root
176-13	12-nmod	12-nmod
176-14	12-punct	12-punct
176-15	3-punct	16-punct
176-16	3-conj	12-amod
176-17	19-punct	12-punct
176-18	19-case	19-case
176-19	16-parataxis	12-nmod
176-20	19-punct	12-punct
176-21	3-cc	12-cc
176-22	3-conj	12-amod
176-23	27-punct	24-punct
176-24	27-amod	12-amod
176-25	26-punct	26-punct
176-26	27-amod	27-amod
176-27	22-parataxis	12-nmod
176-28	27-punct	12-punct
176-29	1-punct	12-punct

177-0	3-nsubj	21-nsubj
177-1	3-cop	21-aux
177-2	3-amod	3-amod
177-3	29-root	21-nsubj
177-4	5-amod	5-amod
177-5	3-nmod	3-nmod
177-6	8-punct	3-punct
177-7	8-case	8-case
177-8	3-nmod	21-nsubj
177-9	8-nmod	8-nmod
177-10	9-punct	8-punct
177-11	8-conj	21-nsubj
177-12	11-nmod	11-nmod
177-13	8-punct	11-punct
177-14	8-conj	21-nsubj
177-15	14-nmod	21-nsubj
177-16	17-compound	17-amod
177-17	15-nmod	15-nmod
177-18	19-case	19-case
177-19	14-nmod	15-nmod
177-20	21-punct	21-punct
177-21	3-parataxis	29-root
177-22	23-case	29-mark
177-23	21-nmod	29-root
177-24	23-nmod	23-nmod
177-25	24-punct	24-punct
177-26	24-conj	24-nmod
177-27	24-cc	26-cc
177-28	24-conj	23-advmod

178-0	1-nummod	1-amod
178-1	6-nsubj	10-root
178-2	1-nmod	10-root
178-3	2-nummod	10-root
178-4	6-cop	10-aux
178-5	6-aux	10-aux
178-6	10-root	10-root
178-7	6-appos	8-name
178-8	7-name	6-nmod
178-9	6-punct	6-punct

179-0	1-case	1-case
179-1	5-nmod	5-nmod
179-2	4-case	4-case
179-3	4-amod	4-amod
179-4	1-nmod	5-nsubj
179-5	18-root	18-root
179-6	8-nmod	16-nsubj
179-7	8-amod	8-amod
179-8	5-dobj	16-nsubj
179-9	8-appos	8-nmod
179-10	11-case	11-case
179-11	16-mark	16-nsubj
179-12	16-aux	16-aux
179-13	16-compound	16-nsubj
179-14	16-advmod	16-nsubj
179-15	16-discourse	14-cc
179-16	9-acl	5-advcl
179-17	5-punct	5-punct

180-0	3-advmod	3-advmod
180-1	3-aux	3-aux
180-2	3-dobj	3-nsubj
180-3	22-root	22-root
180-4	5-discourse	3-cc
180-5	3-nsubj	6-name
180-6	5-name	3-nmod
180-7	8-punct	3-punct
180-8	5-appos	3-nmod
180-9	11-punct	3-punct
180-10	11-compound	11-amod
180-11	5-parataxis	3-dobj
180-12	11-punct	3-punct
180-13	5-punct	3-punct
180-14	5-conj	15-name
180-15	14-name	3-nmod
180-16	17-punct	3-punct
180-17	14-parataxis	3-dobj
180-18	17-punct	3-punct
180-19	5-cc	3-cc
180-20	5-conj	3-nmod
180-21	3-punct	3-punct

181-0	3-advmod	3-advmod
181-1	3-cop	3-aux
181-2	3-nsubj	3-nsubj
181-3	9-root	7-amod
181-4	3-punct	3-punct
181-5	3-conj	3-conj
181-6	3-cc	5-cc
181-7	3-conj	9-root
181-8	3-punct	7-punct

182-0	4-nsubj	21-root
182-1	0-nmod	8-name
182-2	4-cop	8-aux
182-3	4-aux	8-aux
182-4	21-root	6-name
182-5	6-punct	4-punct
182-6	4-name	8-name
182-7	6-punct	6-punct
182-8	4-name	0-nmod
182-9	4-punct	21-punct
182-10	13-nsubj	21-root
182-11	13-aux	14-aux
182-12	13-cop	14-aux
182-13	4-conj	14-name
182-14	13-name	10-nmod
182-15	4-punct	10-punct
182-16	4-cc	10-cc
182-17	18-nsubj	21-root
182-18	4-conj	19-name
182-19	18-name	17-nmod
182-20	4-punct	17-punct

183-0	1-amod	1-amod
183-1	11-nsubj	3-nsubj
183-2	3-mark	3-nsubj
183-3	1-acl	20-root
183-4	3-dobj	3-dobj
183-5	6-case	6-case
183-6	3-nmod	20-root
183-7	11-advmod	20-root
183-8	11-cop	20-aux
183-9	11-case	11-case
183-10	11-nummod	11-nummod
183-11	20-root	20-root
183-12	14-case	14-case
183-13	14-nummod	14-nummod
183-14	11-conj	11-nmod
183-15	18-punct	18-punct
183-16	18-advmod	18-advmod
183-17	18-case	18-case
183-18	11-parataxis	11-nmod
183-19	11-punct	11-punct

184-0	2-nsubj	8-root
184-1	2-dobj	6-nmod
184-2	8-root	6-aux
184-3	4-case	4-case
184-4	2-nmod	6-name
184-5	6-case	6-case
184-6	4-nmod	0-nmod
184-7	2-punct	0-punct

185-0	3-nsubj	20-root
185-1	3-cop	20-aux
185-2	3-nummod	3-amod
185-3	20-root	20-root
185-4	5-case	5-case
185-5	3-nmod	3-nmod
185-6	5-punct	3-punct
185-7	5-conj	3-nmod
185-8	5-punct	3-punct
185-9	10-case	10-case
185-10	5-conj	20-root
185-11	12-amod	12-amod
185-12	10-nmod	10-nmod
185-13	5-cc	12-cc
185-14	15-case	15-case
185-15	5-conj	20-root
185-16	15-nmod	15-nmod
185-17	18-case	18-case
185-18	16-nmod	16-amod
185-19	3-punct	15-punct

186-0	1-amod	1-amod
186-1	4-dobj	4-nsubj
186-2	4-nsubj	1-nmod
186-3	4-aux	4-aux
186-4	12-root	6-advcl
186-5	4-cc	4-cc
186-6	4-conj	12-root
186-7	6-compound	10-nsubj
186-8	10-case	10-mark
186-9	10-amod	10-amod
186-10	6-nmod	6-nmod
186-11	4-punct	6-punct

187-0	6-dobj	5-nsubj
187-1	2-det	5-nsubj
187-2	0-nmod	5-nsubj
187-3	5-compound	5-nsubj
187-4	5-neg	5-mark
187-5	21-root	16-advcl
187-6	5-xcomp	5-ccomp
187-7	9-advmod	6-advmod
187-8	9-case	9-case
187-9	6-nmod	6-dobj
187-10	16-punct	6-punct
187-11	12-case	12-case
187-12	16-nmod	15-amod
187-13	15-case	15-case
187-14	15-amod	15-amod
187-15	16-nmod	16-nsubj
187-16	6-parataxis	21-root
187-17	16-xcomp	21-root
187-18	19-amod	19-amod
187-19	17-dobj	17-nmod
187-20	5-punct	17-punct

188-0	2-amod	2-nsubj
188-1	2-case	2-case
188-2	9-nsubj	21-root
188-3	2-cc	2-cc
188-4	2-conj	2-nmod
188-5	2-acl	4-amod
188-6	7-case	7-case
188-7	5-nmod	2-nmod
188-8	9-cop	9-aux
188-9	21-root	7-nmod
188-10	9-punct	11-punct
188-11	12-compound	12-amod
188-12	9-conj	2-nmod
188-13	9-punct	2-punct
188-14	9-conj	2-nmod
188-15	9-punct	14-punct
188-16	9-conj	14-nmod
188-17	9-cc	16-cc
188-18	19-compound	19-amod
188-19	9-conj	16-nmod
188-20	9-punct	2-punct

189-0	14-root	14-root
189-1	0-aux	14-aux
189-2	0-advmod	4-nummod
189-3	4-case	4-case
189-4	0-nmod	14-root
189-5	4-nmod	4-nmod
189-6	7-case	7-case
189-7	5-nmod	4-nmod
189-8	10-case	10-case
189-9	10-amod	10-amod
189-10	5-nmod	14-root
189-11	10-nmod	12-name
189-12	11-name	10-nmod
189-13	0-punct	10-punct

190-0	1-nsubj	1-nmod
190-1	36-root	36-root
190-2	3-nmod	3-nsubj
190-3	1-dobj	1-dobj
190-4	5-mark	5-mark
190-5	1-ccomp	1-ccomp
190-6	10-advmod	5-advmod
190-7	6-cc	5-cc
190-8	6-conj	5-advmod
190-9	10-case	10-case
190-10	5-nmod	15-nsubj
190-11	12-amod	12-amod
190-12	10-nmod	10-nmod
190-13	15-mark	15-nsubj
190-14	15-aux	15-aux
190-15	12-acl	1-conj
190-16	18-case	18-case
190-17	18-compound	18-amod
190-18	15-nmod	15-nmod
190-19	21-punct	15-punct
190-20	21-advmod	21-advmod
190-21	5-parataxis	15-conj
190-22	21-dobj	24-nsubj
190-23	24-case	24-case
190-24	21-nmod	21-dobj
190-25	26-case	26-case
190-26	24-nmod	24-nmod
190-27	26-cc	26-cc
190-28	26-conj	32-nsubj
190-29	30-case	30-case
190-30	32-mark	32-nsubj
190-31	32-compound	32-nsubj
190-32	24-acl	36-root
190-33	34-nummod	34-amod
190-34	32-nmod	32-nmod
190-35	1-punct	32-punct

191-0	1-case	1-case
191-1	5-nmod	5-nsubj
191-2	4-amod	4-amod
191-3	4-amod	4-amod
191-4	5-nsubj	1-nmod
191-5	20-root	20-root
191-6	7-case	7-case
191-7	5-nmod	5-nmod
191-8	9-punct	5-punct
191-9	7-parataxis	5-nmod
191-10	9-punct	5-punct
191-11	12-case	12-case
191-12	5-nmod	14-nsubj
191-13	14-mark	14-advmod
191-14	12-acl	20-root
191-15	16-amod	16-amod
191-16	14-dobj	14-dobj
191-17	16-cc	16-cc
191-18	16-conj	16-nmod
191-19	5-punct	14-punct

192-0	2-case	2-case
192-1	2-amod	2-amod
192-2	7-nmod	18-root
192-3	2-punct	18-punct
192-4	5-amod	5-amod
192-5	7-nmod	18-root
192-6	7-cop	18-aux
192-7	18-root	18-root
192-8	9-det	9-amod
192-9	7-nmod	18-root
192-10	11-det	11-amod
192-11	9-nmod	9-nmod
192-12	15-punct	15-punct
192-13	15-advmod	15-advmod
192-14	15-case	15-case
192-15	7-discourse	18-root
192-16	15-nmod	15-nmod
192-17	7-punct	15-punct

193-0	1-amod	1-amod
193-1	3-nsubj	12-root
193-2	3-cop	12-aux
193-3	12-root	12-root
193-4	6-det	6-amod
193-5	6-amod	6-amod
193-6	3-nmod	3-nmod
193-7	10-case	10-case
193-8	9-mwe	10-advmodCOLemph
193-9	10-amod	10-nsubj
193-10	3-nmod	6-nmod
193-11	3-punct	3-punct

194-0	1-case	1-case
194-1	3-nmod	3-nmod
194-2	3-compound	3-nsubj
194-3	7-root	7-root
194-4	3-nsubj	7-root
194-5	4-appos	4-nmod
194-6	3-punct	4-punct

195-0	2-case	2-case
195-1	2-amod	2-amod
195-2	5-nmod	5-nmod
195-3	4-det	5-nsubj
195-4	2-nmod	5-nmod
195-5	16-root	16-root
195-6	5-nsubj	16-root
195-7	8-compound	8-amod
195-8	6-nmod	6-nmod
195-9	10-case	10-case
195-10	8-nmod	8-nmod
195-11	10-name	8-amod
195-12	6-punct	14-punct
195-13	14-amod	14-amod
195-14	6-conj	6-nmod
195-15	6-advmod	6-advmod

196-0	6-nsubjpass	19-root
196-1	6-auxpass	19-aux
196-2	4-case	4-case
196-3	4-amod	4-amod
196-4	6-nmod	19-root
196-5	4-nmod	4-nmod
196-6	19-root	5-amod
196-7	8-case	8-case
196-8	6-nmod	19-root
196-9	6-nmod	8-nmod
196-10	17-punct	17-punct
196-11	17-mark	17-nsubj
196-12	17-advmod	17-advmod
196-13	14-punct	17-punct
196-14	17-discourse	17-advmod
196-15	14-punct	14-punct
196-16	17-aux	17-aux
196-17	6-parataxis	8-nmod
196-18	6-punct	8-punct

197-0	4-discourse	4-advmod
197-1	4-cop	4-aux
197-2	4-discourse	4-advmodCOLemph
197-3	4-amod	4-amod
197-4	6-root	6-root
197-5	4-punct	4-punct

198-0	1-nsubj	1-nsubj
198-1	12-root	12-root
198-2	1-cc	1-cc
198-3	1-conj	12-root
198-4	1-dobj	3-dobj
198-5	6-punct	3-punct
198-6	4-appos	3-dobj
198-7	10-compound	6-amod
198-8	7-cc	7-cc
198-9	7-conj	10-amod
198-10	6-nmod	6-nmod
198-11	1-punct	3-punct

199-0	2-nsubj	2-nsubj
199-1	2-compound	2-nsubj
199-2	14-root	7-cop
199-3	5-case	5-case
199-4	5-nummod	5-nummod
199-5	2-nmod	2-nmod
199-6	12-punct	2-punct
199-7	12-compound	12-amod
199-8	7-punct	7-punct
199-9	7-conj	7-conj
199-10	7-cc	9-cc
199-11	7-conj	12-amod
199-12	5-appos	14-root
199-13	2-punct	12-punct

200-0	1-amod	1-amod
200-1	11-dobj	11-nsubj
200-2	3-case	3-case
200-3	1-nmod	11-nsubj
200-4	3-nmod	3-nmod
200-5	7-punct	3-punct
200-6	7-punct	3-punct
200-7	1-appos	3-nmod
200-8	7-punct	3-punct
200-9	7-punct	3-punct
200-10	11-aux	11-aux
200-11	14-root	14-root
200-12	11-nsubj	11-nmod
200-13	11-punct	11-punct
