1-0	1-nsubj	18-conj
1-1	20-root	18-conj
1-2	11-mark	18-mark
1-3	11-aux	18-conj
1-4	5-amod	18-conj
1-5	11-nsubj	18-conj
1-6	7-case	18-conj
1-7	5-nmod	18-conj
1-8	10-case	9-advmod
1-9	10-nummod	18-conj
1-10	11-nmod	18-conj
1-11	1-ccomp	18-conj
1-12	11-dobj	18-conj
1-13	12-nmod	18-conj
1-14	5-punct	13-punct
1-15	18-advmod	16-advmod
1-16	17-discourse	18-mark
1-17	5-cc	16-cc
1-18	5-conj	20-root
1-19	1-punct	18-punct

2-0	1-nmod	11-root
2-1	2-nsubj	11-root
2-2	11-root	11-root
2-3	2-aux	11-root
2-4	2-xcomp	11-root
2-5	4-dobj	11-root
2-6	7-case	11-root
2-7	5-nmod	10-dep
2-8	7-compound	7-cc
2-9	10-compound	10-dep
2-10	7-compound	6-dep

3-0	2-nummod	30-conj
3-1	2-amod	30-conj
3-2	6-nsubj	30-conj
3-3	4-case	30-conj
3-4	2-nmod	30-conj
3-5	6-cop	30-cop
3-6	32-root	30-cc
3-7	11-mark	30-conj
3-8	11-dobj	30-conj
3-9	11-cop	30-conj
3-10	11-advmod	11-advmod
3-11	6-acl	30-conj
3-12	20-mark	13-mark
3-13	20-nsubj	30-conj
3-14	19-mark	30-conj
3-15	16-amod	30-conj
3-16	19-nsubjpass	30-conj
3-17	19-neg	30-neg
3-18	19-auxpass	30-cop
3-19	13-acl	30-conj
3-20	11-csubj	30-conj
3-21	20-xcomp	30-conj
3-22	21-xcomp	30-conj
3-23	24-case	24-appos
3-24	22-nmod	30-conj
3-25	22-punct	24-punct
3-26	22-conj	30-conj
3-27	26-dobj	30-conj
3-28	22-cc	27-cc
3-29	30-amod	30-advmod
3-30	22-conj	32-root
3-31	6-punct	30-punct

4-0	2-nsubj	39-cc
4-1	2-cop	39-cop
4-2	41-root	39-conj
4-3	4-punct	4-punct
4-4	2-nmod	39-conj
4-5	4-nmod	39-conj
4-6	4-punct	5-punct
4-7	9-mark	39-conj
4-8	9-cop	39-cop
4-9	4-acl	39-conj
4-10	9-nsubj	39-conj
4-11	10-nmod	39-conj
4-12	13-cc	13-appos
4-13	10-nmod	39-conj
4-14	17-punct	13-punct
4-15	17-mark	39-conj
4-16	17-cop	39-cop
4-17	2-parataxis	39-conj
4-18	20-case	39-conj
4-19	20-amod	39-conj
4-20	17-nmod	39-conj
4-21	22-punct	20-punct
4-22	20-nmod	39-conj
4-23	22-punct	22-punct
4-24	2-punct	22-punct
4-25	2-punct	24-punct
4-26	27-punct	22-punct
4-27	2-parataxis	39-conj
4-28	27-aux	39-cop
4-29	30-case	39-conj
4-30	27-nmod	39-conj
4-31	27-nsubj	32-appos
4-32	31-name	39-conj
4-33	34-punct	32-punct
4-34	31-appos	39-conj
4-35	34-nmod	39-conj
4-36	35-nmod	39-conj
4-37	36-compound	39-conj
4-38	39-compound	39-conj
4-39	37-compound	41-root
4-40	2-punct	39-punct

5-0	8-nsubj	3-appos
5-1	8-aux	3-cop
5-2	3-case	3-appos
5-3	8-nmod	20-conj
5-4	6-punct	5-punct
5-5	6-nummod	20-dep
5-6	3-parataxis	5-appos
5-7	6-punct	6-punct
5-8	39-root	20-conj
5-9	8-dobj	20-conj
5-10	11-case	20-conj
5-11	9-nmod	20-conj
5-12	11-nmod	20-conj
5-13	14-nmod	20-conj
5-14	12-nmod	20-conj
5-15	16-case	20-appos
5-16	14-nmod	20-conj
5-17	19-amod	20-conj
5-18	19-amod	20-conj
5-19	11-dobj	20-conj
5-20	19-nmod	37-conj
5-21	22-punct	20-punct
5-22	19-appos	37-conj
5-23	22-punct	22-punct
5-24	25-case	37-conj
5-25	27-mark	37-conj
5-26	27-nsubj	37-conj
5-27	19-acl	37-conj
5-28	33-mark	29-mark
5-29	33-aux	37-conj
5-30	31-case	37-conj
5-31	33-nmod	37-conj
5-32	33-auxpass	37-conj
5-33	27-ccomp	37-conj
5-34	37-case	37-conj
5-35	37-amod	37-conj
5-36	37-advmod	37-advmod
5-37	33-nmod	39-root
5-38	8-punct	37-punct

6-0	3-discourse	1-advmod
6-1	3-case	24-conj
6-2	3-amod	5-appos
6-3	11-parataxis	5-appos
6-4	5-det	5-appos
6-5	3-nmod	1-dep
6-6	3-punct	1-punct
6-7	9-amod	24-conj
6-8	9-amod	24-conj
6-9	11-nsubj	24-conj
6-10	9-appos	24-conj
6-11	26-root	24-conj
6-12	11-dobj	24-conj
6-13	14-punct	14-punct
6-14	12-appos	24-conj
6-15	14-punct	14-punct
6-16	14-name	24-conj
6-17	18-punct	16-punct
6-18	11-parataxis	24-conj
6-19	18-compound	24-conj
6-20	18-nsubj	24-conj
6-21	20-nmod	24-conj
6-22	21-nmod	24-conj
6-23	24-case	24-appos
6-24	22-nmod	26-root
6-25	11-punct	24-punct

7-0	1-dobj	21-cc
7-1	23-root	21-conj
7-2	3-case	21-appos
7-3	1-nmod	21-conj
7-4	6-mark	21-conj
7-5	6-compound	21-conj
7-6	3-acl	21-conj
7-7	6-nsubj	21-conj
7-8	9-amod	21-conj
7-9	7-nmod	21-conj
7-10	9-nmod	21-conj
7-11	15-case	21-conj
7-12	15-amod	21-conj
7-13	12-cc	12-cc
7-14	12-conj	21-conj
7-15	7-nmod	21-conj
7-16	1-punct	15-punct
7-17	1-punct	16-punct
7-18	19-punct	15-punct
7-19	1-parataxis	21-conj
7-20	19-aux	21-cop
7-21	19-nsubj	23-root
7-22	1-punct	21-punct

8-0	3-advmod	2-advmod
8-1	3-discourse	0-cc
8-2	3-case	11-conj
8-3	7-nmod	11-conj
8-4	5-amod	11-conj
8-5	3-nmod	11-nsubj
8-6	3-punct	5-punct
8-7	13-root	11-conj
8-8	7-cop	11-cop
8-9	10-amod	11-conj
8-10	7-nsubj	11-conj
8-11	10-nmod	13-root
8-12	7-punct	11-punct

9-0	2-parataxis	14-dep
9-1	0-punct	0-punct
9-2	16-root	14-dep
9-3	2-cop	14-cop
9-4	2-advmod	5-advmod
9-5	2-nsubj	14-dep
9-6	7-nmod	14-dep
9-7	5-nmod	14-dep
9-8	7-compound	14-dep
9-9	11-compound	14-conj
9-10	11-compound	14-dep
9-11	7-compound	14-dep
9-12	13-case	14-dep
9-13	5-nmod	14-dep
9-14	13-appos	16-root
9-15	2-punct	14-punct

10-0	1-amod	16-root
10-1	2-nsubj	16-root
10-2	16-root	16-root
10-3	7-mark	16-root
10-4	7-aux	16-root
10-5	6-amod	16-root
10-6	7-nsubj	16-root
10-7	2-ccomp	16-root
10-8	9-compound	16-root
10-9	10-nummod	16-root
10-10	7-dobj	16-root
10-11	13-case	16-root
10-12	13-amod	16-root
10-13	7-nmod	16-root
10-14	15-case	16-root
10-15	13-nmod	14-dep

11-0	8-nsubj	28-conj
11-1	8-aux	28-cop
11-2	3-case	28-conj
11-3	8-nmod	28-conj
11-4	6-punct	5-punct
11-5	6-nummod	28-conj
11-6	3-parataxis	5-appos
11-7	6-punct	6-punct
11-8	30-root	28-conj
11-9	8-dobj	28-conj
11-10	9-nmod	28-conj
11-11	12-mwe	28-mark
11-12	20-mark	28-mark
11-13	20-aux	28-cop
11-14	15-amod	28-conj
11-15	20-nsubj	28-conj
11-16	15-nmod	28-conj
11-17	16-nmod	28-conj
11-18	15-appos	28-conj
11-19	18-name	28-conj
11-20	8-advcl	28-conj
11-21	22-amod	28-conj
11-22	20-dobj	28-conj
11-23	24-case	28-conj
11-24	22-nmod	28-conj
11-25	24-nmod	28-conj
11-26	28-case	28-cc
11-27	28-det	28-conj
11-28	24-nmod	30-root
11-29	8-punct	28-punct

12-0	3-nsubj	14-conj
12-1	3-cop	14-cop
12-2	3-case	14-conj
12-3	16-root	14-conj
12-4	9-mark	14-conj
12-5	9-cop	14-cop
12-6	7-amod	14-conj
12-7	9-nsubj	14-conj
12-8	9-discourse	7-advmod
12-9	3-acl	14-conj
12-10	12-case	14-conj
12-11	12-nmod	14-conj
12-12	9-nmod	14-conj
12-13	14-case	14-conj
12-14	12-nmod	16-root
12-15	3-punct	14-punct

13-0	10-nsubj	12-conj
13-1	2-case	12-conj
13-2	0-nmod	12-conj
13-3	2-nmod	12-conj
13-4	5-case	12-conj
13-5	0-nmod	12-conj
13-6	5-cc	5-cc
13-7	5-conj	12-conj
13-8	10-advmod	9-advmod
13-9	10-aux	12-conj
13-10	14-root	12-conj
13-11	10-xcomp	12-conj
13-12	11-xcomp	14-root
13-13	10-punct	12-punct

14-0	10-nsubj	26-conj
14-1	2-compound	26-conj
14-2	0-nmod	26-conj
14-3	4-case	26-conj
14-4	2-nmod	26-conj
14-5	4-compound	4-cc
14-6	7-compound	26-conj
14-7	4-compound	26-conj
14-8	0-appos	26-conj
14-9	8-name	26-conj
14-10	28-root	26-conj
14-11	10-aux	26-cop
14-12	13-nummod	26-dep
14-13	10-nmod	26-conj
14-14	18-mark	26-mark
14-15	18-cop	26-cop
14-16	17-det	26-conj
14-17	18-nsubj	26-conj
14-18	10-ccomp	26-conj
14-19	20-amod	26-conj
14-20	18-nmod	26-conj
14-21	20-cc	20-cc
14-22	20-conj	26-conj
14-23	24-amod	26-conj
14-24	22-nmod	26-conj
14-25	26-case	26-conj
14-26	24-nmod	28-root
14-27	10-punct	26-punct

15-0	2-mark	33-conj
15-1	2-compound	33-conj
15-2	18-parataxis	33-conj
15-3	2-dobj	33-conj
15-4	5-case	33-conj
15-5	3-nmod	33-conj
15-6	8-mark	33-conj
15-7	8-aux	33-conj
15-8	3-acl	33-conj
15-9	8-xcomp	33-conj
15-10	8-nsubj	33-conj
15-11	10-cc	10-cc
15-12	13-nummod	33-conj
15-13	10-conj	33-conj
15-14	13-appos	33-conj
15-15	2-punct	14-punct
15-16	18-nsubj	33-conj
15-17	18-aux	33-cop
15-18	35-root	33-conj
15-19	18-dobj	33-conj
15-20	21-compound	33-conj
15-21	19-compound	33-conj
15-22	23-compound	33-conj
15-23	21-compound	33-conj
15-24	27-punct	23-punct
15-25	27-mark	33-conj
15-26	27-nsubj	33-conj
15-27	19-acl	33-conj
15-28	27-dobj	33-conj
15-29	28-cc	28-cc
15-30	28-conj	33-conj
15-31	33-case	33-appos
15-32	33-amod	33-conj
15-33	27-nmod	35-root
15-34	18-punct	33-punct

16-0	2-amod	6-appos
16-1	3-aux	6-cop
16-2	3-nsubj	6-appos
16-3	44-root	6-appos
16-4	5-advmod	5-advmod
16-5	6-nummod	6-appos
16-6	3-dobj	42-conj
16-7	8-punct	6-punct
16-8	6-appos	42-conj
16-9	10-case	42-conj
16-10	8-nmod	42-conj
16-11	10-nmod	42-conj
16-12	14-case	42-conj
16-13	14-amod	42-conj
16-14	11-nmod	42-conj
16-15	10-cc	14-cc
16-16	10-conj	42-conj
16-17	18-case	18-dep
16-18	16-nmod	42-conj
16-19	8-punct	18-punct
16-20	21-discourse	42-mark
16-21	8-cc	20-cc
16-22	8-conj	42-conj
16-23	25-case	42-conj
16-24	25-amod	42-conj
16-25	22-nmod	42-conj
16-26	28-case	42-conj
16-27	28-amod	42-conj
16-28	25-nmod	42-conj
16-29	30-amod	42-conj
16-30	28-nmod	42-conj
16-31	28-cc	30-cc
16-32	28-conj	42-conj
16-33	32-nmod	42-conj
16-34	32-nmod	42-conj
16-35	36-case	42-conj
16-36	25-nmod	42-conj
16-37	36-nmod	42-conj
16-38	42-amod	42-conj
16-39	38-cc	38-cc
16-40	41-nummod	42-conj
16-41	38-conj	42-conj
16-42	37-nmod	44-root
16-43	3-punct	42-punct

17-0	12-root	10-conj
17-1	0-compound	10-conj
17-2	0-dobj	10-conj
17-3	7-mark	10-conj
17-4	7-aux	10-conj
17-5	7-compound	10-conj
17-6	7-dobj	10-conj
17-7	2-acl	10-conj
17-8	7-nsubj	10-conj
17-9	10-amod	10-conj
17-10	8-nmod	12-root
17-11	0-punct	10-punct

18-0	2-nsubj	11-conj
18-1	2-aux	11-cop
18-2	13-root	11-conj
18-3	4-amod	11-conj
18-4	2-dobj	11-conj
18-5	4-nmod	11-conj
18-6	2-iobj	11-conj
18-7	6-nmod	11-conj
18-8	6-acl	11-conj
18-9	11-case	11-conj
18-10	11-amod	11-conj
18-11	8-nmod	13-root
18-12	2-punct	11-punct

19-0	43-root	41-conj
19-1	0-compound	41-conj
19-2	24-mark	41-mark
19-3	24-aux	41-conj
19-4	5-amod	41-conj
19-5	24-nsubj	41-conj
19-6	10-punct	5-punct
19-7	10-mark	41-conj
19-8	10-aux	41-conj
19-9	10-compound	41-conj
19-10	5-acl	41-conj
19-11	12-case	41-conj
19-12	10-nmod	41-conj
19-13	10-nmod	14-case
19-14	13-nmod	41-conj
19-15	17-mark	41-mark
19-16	17-aux	41-conj
19-17	10-advcl	41-conj
19-18	19-nummod	41-conj
19-19	17-dobj	41-conj
19-20	19-nmod	41-conj
19-21	22-compound	41-conj
19-22	20-nmod	41-conj
19-23	10-punct	22-punct
19-24	0-csubj	41-conj
19-25	26-amod	41-conj
19-26	24-dobj	41-conj
19-27	28-case	41-conj
19-28	30-mark	41-conj
19-29	30-compound	41-conj
19-30	26-acl	41-conj
19-31	34-punct	30-punct
19-32	34-punct	30-punct
19-33	34-amod	41-conj
19-34	30-nsubj	41-advmod
19-35	34-punct	34-punct
19-36	34-punct	35-punct
19-37	34-nmod	41-conj
19-38	37-cc	37-cc
19-39	41-nmod	41-conj
19-40	41-amod	41-conj
19-41	37-conj	43-root
19-42	0-punct	41-punct

20-0	2-discourse	2-cc
20-1	0-punct	0-punct
20-2	35-root	20-dep
20-3	2-mark	2-mark
20-4	5-det	20-dep
20-5	2-nsubj	20-dep
20-6	5-nmod	20-dep
20-7	6-nmod	20-dep
20-8	9-advmod	9-advmod
20-9	2-xcomp	20-dep
20-10	9-dobj	20-dep
20-11	31-mark	12-advmod
20-12	31-cop	20-dep
20-13	14-amod	20-dep
20-14	31-nsubj	20-dep
20-15	14-nmod	20-dep
20-16	14-punct	15-punct
20-17	14-conj	20-dep
20-18	17-nmod	20-dep
20-19	18-cc	18-cc
20-20	18-conj	33-dep
20-21	14-cc	20-cc
20-22	14-conj	33-dep
20-23	22-nmod	33-dep
20-24	26-case	33-dep
20-25	26-nummod	33-conj
20-26	22-nmod	33-dep
20-27	28-mark	33-dep
20-28	22-acl	33-dep
20-29	28-xcomp	33-dep
20-30	31-advmod	29-cc
20-31	2-advcl	33-dep
20-32	33-amod	33-dep
20-33	31-nmod	35-root
20-34	2-punct	33-punct

21-0	4-punct	2-punct
21-1	4-punct	2-punct
21-2	4-nsubj	27-appos
21-3	4-cop	4-cop
21-4	36-root	27-appos
21-5	4-punct	4-punct
21-6	7-det	27-appos
21-7	8-nsubj	8-appos
21-8	4-conj	27-appos
21-9	12-punct	8-punct
21-10	12-mark	27-appos
21-11	12-cop	27-cop
21-12	4-parataxis	27-appos
21-13	14-case	27-appos
21-14	21-mark	27-appos
21-15	21-dobj	27-dobj
21-16	21-aux	17-cop
21-17	19-amod	27-appos
21-18	19-punct	17-punct
21-19	21-nsubj	27-appos
21-20	19-punct	19-punct
21-21	12-acl	27-appos
21-22	23-mark	23-mark
21-23	21-ccomp	27-appos
21-24	25-case	27-cop
21-25	23-nmod	27-appos
21-26	27-nmod	27-appos
21-27	25-nmod	34-conj
21-28	21-punct	27-punct
21-29	21-cc	27-cc
21-30	32-nsubj	34-cc
21-31	32-aux	34-conj
21-32	21-conj	34-conj
21-33	32-xcomp	34-conj
21-34	33-advmod	36-root
21-35	4-punct	34-punct

22-0	2-nsubj	8-conj
22-1	2-aux	8-conj
22-2	10-root	8-conj
22-3	2-dobj	8-conj
22-4	2-cc	3-cc
22-5	2-conj	8-conj
22-6	5-dobj	8-conj
22-7	8-case	8-conj
22-8	5-nmod	10-root
22-9	2-punct	8-punct

23-0	1-nsubj	6-dobj
23-1	8-root	6-conj
23-2	1-dobj	6-conj
23-3	2-nmod	6-conj
23-4	6-case	6-appos
23-5	6-amod	6-conj
23-6	2-nmod	8-root
23-7	1-punct	6-punct

24-0	8-dobj	16-conj
24-1	8-aux	3-cop
24-2	3-case	3-appos
24-3	8-nmod	16-conj
24-4	6-punct	3-punct
24-5	6-nummod	16-nmod
24-6	3-parataxis	16-conj
24-7	6-punct	6-punct
24-8	18-root	16-conj
24-9	8-nsubj	16-conj
24-10	11-case	16-conj
24-11	9-nmod	16-conj
24-12	11-nmod	16-conj
24-13	12-nmod	16-conj
24-14	9-appos	16-conj
24-15	14-compound	16-conj
24-16	14-compound	18-root
24-17	8-punct	16-punct

25-0	6-nsubj	18-dep
25-1	0-nmod	18-dep
25-2	1-cc	1-cc
25-3	1-conj	18-dep
25-4	0-appos	18-dep
25-5	4-name	18-dep
25-6	29-root	18-dep
25-7	13-mark	18-mark
25-8	13-compound	18-dep
25-9	13-nsubj	18-dep
25-10	9-cc	9-cc
25-11	9-conj	18-dep
25-12	13-neg	13-neg
25-13	6-ccomp	18-dep
25-14	13-xcomp	18-dep
25-15	16-mark	16-mark
25-16	14-ccomp	18-dep
25-17	18-amod	18-dep
25-18	16-dobj	27-conj
25-19	6-punct	18-punct
25-20	6-cc	18-cc
25-21	6-conj	27-conj
25-22	27-mark	23-mark
25-23	27-aux	27-conj
25-24	25-nmod	27-conj
25-25	27-nsubjpass	27-conj
25-26	27-auxpass	27-conj
25-27	21-ccomp	29-root
25-28	6-punct	27-punct

26-0	5-nsubj	9-conj
26-1	2-amod	9-conj
26-2	0-nmod	9-conj
26-3	4-compound	9-conj
26-4	2-nmod	9-conj
26-5	11-root	9-conj
26-6	8-mark	7-advmod
26-7	8-aux	8-conj
26-8	5-advcl	9-conj
26-9	8-dobj	11-root
26-10	5-punct	9-punct

27-0	1-amod	30-conj
27-1	8-nsubj	30-conj
27-2	8-cop	3-appos
27-3	8-aux	30-conj
27-4	6-punct	3-punct
27-5	6-case	30-conj
27-6	8-parataxis	30-conj
27-7	6-punct	6-punct
27-8	32-root	30-conj
27-9	10-case	30-conj
27-10	8-nmod	30-conj
27-11	12-det	30-conj
27-12	10-nmod	30-conj
27-13	14-amod	30-conj
27-14	12-nmod	30-conj
27-15	10-acl	30-conj
27-16	17-case	30-conj
27-17	15-nmod	19-dep
27-18	19-case	19-dep
27-19	17-nmod	30-conj
27-20	23-punct	19-punct
27-21	23-mark	30-mark
27-22	23-aux	30-conj
27-23	8-advcl	30-conj
27-24	23-xcomp	30-conj
27-25	26-amod	30-conj
27-26	24-dobj	30-conj
27-27	29-case	30-conj
27-28	29-nmod	30-conj
27-29	26-nmod	30-conj
27-30	29-nmod	32-root
27-31	8-punct	30-punct

28-0	1-nsubj	5-conj
28-1	25-root	5-conj
28-2	4-advmod	5-conj
28-3	4-compound	5-conj
28-4	5-nummod	5-conj
28-5	1-nmod	23-conj
28-6	12-punct	5-punct
28-7	8-case	23-conj
28-8	12-mark	23-conj
28-9	12-aux	23-cop
28-10	11-nummod	23-conj
28-11	12-nmod	23-conj
28-12	5-acl	23-conj
28-13	14-punct	12-punct
28-14	12-nsubj	23-conj
28-15	14-punct	14-punct
28-16	17-case	23-conj
28-17	12-nmod	23-conj
28-18	19-nmod	23-conj
28-19	17-nmod	23-conj
28-20	19-appos	23-conj
28-21	23-case	23-conj
28-22	23-amod	23-conj
28-23	19-nmod	25-root
28-24	1-punct	23-punct

29-0	11-nsubj	11-conj
29-1	0-nmod	11-conj
29-2	0-cc	1-cc
29-3	4-amod	11-conj
29-4	0-conj	11-conj
29-5	4-nmod	11-conj
29-6	4-appos	11-conj
29-7	6-name	11-conj
29-8	11-cop	11-advmod
29-9	11-aux	11-conj
29-10	11-amod	11-conj
29-11	13-root	13-root
29-12	11-punct	11-punct

30-0	16-root	16-root
30-1	0-mark	0-mark
30-2	0-nsubj	16-root
30-3	2-punct	2-punct
30-4	2-conj	16-root
30-5	2-cc	4-cc
30-6	2-conj	16-root
30-7	0-xcomp	16-root
30-8	12-amod	16-root
30-9	12-punct	8-punct
30-10	12-punct	8-punct
30-11	12-amod	16-root
30-12	7-xcomp	16-root
30-13	12-punct	12-punct
30-14	12-punct	12-punct
30-15	0-punct	12-punct

31-0	3-advmod	17-appos
31-1	3-case	17-appos
31-2	3-nummod	17-conj
31-3	7-nsubj	17-appos
31-4	6-case	17-appos
31-5	6-amod	17-appos
31-6	3-nmod	17-appos
31-7	35-root	17-appos
31-8	7-aux	17-cop
31-9	7-dobj	17-appos
31-10	13-case	17-appos
31-11	13-amod	17-appos
31-12	13-amod	17-appos
31-13	7-nmod	17-appos
31-14	16-case	17-appos
31-15	16-amod	17-appos
31-16	13-nmod	17-appos
31-17	16-appos	21-parataxis
31-18	19-punct	17-punct
31-19	16-advmod	21-advmod
31-20	21-case	21-dep
31-21	19-nmod	33-conj
31-22	19-punct	21-punct
31-23	7-cc	33-mark
31-24	26-compound	33-conj
31-25	26-nsubj	33-conj
31-26	7-conj	33-conj
31-27	28-case	33-appos
31-28	26-nmod	33-conj
31-29	28-appos	33-conj
31-30	32-case	33-conj
31-31	32-amod	33-conj
31-32	28-nmod	33-conj
31-33	32-nmod	35-root
31-34	7-punct	33-punct

32-0	1-amod	10-conj
32-1	6-nsubj	10-conj
32-2	3-punct	1-punct
32-3	6-parataxis	10-conj
32-4	3-nsubj	10-conj
32-5	3-punct	4-punct
32-6	12-root	7-cc
32-7	10-mark	10-conj
32-8	10-nsubj	10-nsubj
32-9	10-cop	10-conj
32-10	6-ccomp	12-root
32-11	6-punct	10-punct

33-0	7-punct	1-punct
33-1	7-punct	21-punct
33-2	3-mark	21-mark
33-3	7-advcl	21-conj
33-4	5-case	5-appos
33-5	3-nmod	21-conj
33-6	3-punct	5-punct
33-7	23-root	21-conj
33-8	7-xcomp	21-conj
33-9	7-dobj	21-conj
33-10	12-case	21-conj
33-11	12-nummod	21-conj
33-12	9-nmod	21-conj
33-13	14-case	21-conj
33-14	9-nmod	21-conj
33-15	14-nmod	21-conj
33-16	7-punct	15-punct
33-17	7-punct	16-punct
33-18	19-punct	15-punct
33-19	7-parataxis	21-conj
33-20	19-aux	21-cop
33-21	19-nsubj	23-root
33-22	7-punct	21-punct

34-0	2-advmod	11-mark
34-1	2-cop	11-cop
34-2	13-root	11-conj
34-3	2-nsubj	11-conj
34-4	3-compound	11-conj
34-5	7-case	11-appos
34-6	7-amod	11-conj
34-7	3-nmod	11-conj
34-8	9-punct	7-punct
34-9	2-parataxis	11-conj
34-10	11-amod	11-conj
34-11	9-nsubj	13-root
34-12	2-punct	11-punct

35-0	4-punct	10-punct
35-1	4-punct	0-punct
35-2	4-nsubj	10-dobj
35-3	4-cop	10-conj
35-4	12-root	10-conj
35-5	4-cc	4-cc
35-6	4-conj	10-conj
35-7	8-case	10-conj
35-8	4-nmod	10-conj
35-9	8-name	10-conj
35-10	8-name	12-root
35-11	4-punct	10-punct

36-0	6-nsubj	13-cc
36-1	2-case	13-conj
36-2	6-nmod	13-conj
36-3	6-aux	13-conj
36-4	6-cop	13-conj
36-5	6-amod	13-conj
36-6	15-root	13-conj
36-7	6-punct	6-punct
36-8	6-cc	6-cc
36-9	6-conj	13-conj
36-10	13-mark	13-mark
36-11	13-aux	13-conj
36-12	13-advmod	13-advmod
36-13	9-ccomp	15-root
36-14	6-punct	13-punct

37-0	3-nsubjpass	31-appos
37-1	0-nmod	31-appos
37-2	1-nmod	31-appos
37-3	41-root	31-appos
37-4	3-auxpass	31-cop
37-5	6-case	31-appos
37-6	3-nmod	31-appos
37-7	6-nummod	31-appos
37-8	28-punct	7-punct
37-9	10-mwe	31-mark
37-10	28-mark	31-mark
37-11	28-auxpass	31-cop
37-12	14-amod	31-appos
37-13	14-amod	31-appos
37-14	28-nsubjpass	31-appos
37-15	19-punct	14-punct
37-16	19-mark	31-appos
37-17	19-aux	31-cop
37-18	19-nsubj	31-appos
37-19	14-acl	31-appos
37-20	21-case	31-appos
37-21	19-nmod	31-appos
37-22	21-appos	31-appos
37-23	24-case	31-appos
37-24	19-nmod	31-appos
37-25	26-amod	31-appos
37-26	24-nmod	31-appos
37-27	19-punct	26-punct
37-28	3-advcl	31-appos
37-29	30-case	31-appos
37-30	28-nmod	31-appos
37-31	30-nmod	39-conj
37-32	36-punct	31-punct
37-33	36-mark	34-advmod
37-34	36-dobj	39-dobj
37-35	36-aux	39-cop
37-36	28-advcl	39-conj
37-37	39-amod	39-conj
37-38	39-amod	39-conj
37-39	36-nsubj	41-root
37-40	3-punct	39-punct

38-0	1-amod	14-conj
38-1	3-nsubj	14-conj
38-2	1-nmod	14-conj
38-3	16-root	14-conj
38-4	3-aux	14-conj
38-5	3-dobj	14-conj
38-6	10-mark	14-mark
38-7	9-case	14-appos
38-8	9-amod	14-conj
38-9	10-nmod	14-conj
38-10	3-ccomp	14-conj
38-11	10-dobj	14-conj
38-12	13-case	14-conj
38-13	11-nmod	14-conj
38-14	13-nmod	16-root
38-15	3-punct	14-punct

39-0	1-amod	29-conj
39-1	2-nsubj	29-conj
39-2	31-root	29-conj
39-3	2-aux	29-cop
39-4	12-mark	29-mark
39-5	12-aux	29-cop
39-6	12-nsubj	29-conj
39-7	11-case	29-conj
39-8	11-nummod	29-conj
39-9	8-cc	8-cc
39-10	8-conj	29-conj
39-11	12-nmod	29-conj
39-12	2-ccomp	29-conj
39-13	14-amod	29-conj
39-14	12-dobj	29-conj
39-15	18-case	29-conj
39-16	18-nmod	29-conj
39-17	18-amod	29-conj
39-18	14-nmod	29-conj
39-19	12-punct	18-punct
39-20	12-cc	18-cc
39-21	27-mark	29-mark
39-22	27-iobj	29-conj
39-23	24-amod	29-conj
39-24	27-nsubj	29-conj
39-25	27-neg	29-neg
39-26	27-aux	29-conj
39-27	12-conj	29-conj
39-28	27-dobj	29-conj
39-29	28-nmod	31-root
39-30	2-punct	29-punct

40-0	2-aux	4-conj
40-1	2-advmod	0-advmod
40-2	6-root	4-conj
40-3	4-case	4-conj
40-4	2-nmod	6-root
40-5	2-punct	4-punct

41-0	1-amod	24-conj
41-1	6-nsubj	24-conj
41-2	1-appos	24-conj
41-3	4-punct	4-punct
41-4	1-appos	2-appos
41-5	4-punct	4-punct
41-6	26-root	24-conj
41-7	6-aux	24-cop
41-8	9-nmod	24-conj
41-9	6-dobj	24-conj
41-10	11-case	24-conj
41-11	6-nmod	24-conj
41-12	6-xcomp	13-advmod
41-13	18-mark	24-mark
41-14	16-det	24-conj
41-15	16-amod	24-conj
41-16	18-nsubj	24-nmod
41-17	18-aux	24-conj
41-18	12-ccomp	24-conj
41-19	18-punct	18-punct
41-20	18-cc	21-advmod
41-21	18-conj	24-conj
41-22	21-nmod	24-conj
41-23	24-amod	24-conj
41-24	22-nmod	26-root
41-25	6-punct	24-punct

42-0	1-advmod	1-advmod
42-1	2-nummod	2-conj
42-2	8-nsubj	13-dep
42-3	6-punct	2-punct
42-4	6-advmod	5-advmod
42-5	6-case	13-dep
42-6	2-parataxis	5-appos
42-7	6-punct	6-punct
42-8	29-root	13-dep
42-9	8-aux	13-cop
42-10	11-amod	13-dep
42-11	8-nmod	13-dep
42-12	13-case	13-dep
42-13	8-nmod	27-conj
42-14	8-punct	13-punct
42-15	8-cc	13-cc
42-16	17-nummod	27-conj
42-17	18-nsubj	27-conj
42-18	8-conj	27-conj
42-19	18-aux	27-cop
42-20	22-case	27-conj
42-21	22-amod	27-conj
42-22	18-nmod	27-conj
42-23	22-punct	22-punct
42-24	22-appos	27-nmod
42-25	26-amod	27-conj
42-26	24-nmod	27-conj
42-27	24-appos	29-root
42-28	8-punct	27-punct

43-0	4-nummod	19-conj
43-1	5-cop	19-cop
43-2	4-case	19-conj
43-3	4-amod	19-conj
43-4	5-nsubj	19-conj
43-5	21-root	19-conj
43-6	7-amod	19-conj
43-7	5-nmod	19-conj
43-8	9-case	19-conj
43-9	7-nmod	19-conj
43-10	9-nmod	19-conj
43-11	10-nmod	19-conj
43-12	16-mark	19-conj
43-13	14-nmod	19-conj
43-14	16-dobj	19-conj
43-15	16-neg	16-neg
43-16	11-acl	19-conj
43-17	19-case	19-appos
43-18	19-amod	19-conj
43-19	16-nmod	21-root
43-20	5-punct	19-punct

44-0	7-parataxis	13-conj
44-1	0-punct	0-punct
44-2	3-amod	0-xcomp
44-3	7-nsubj	13-conj
44-4	5-det	13-conj
44-5	3-nmod	13-conj
44-6	7-neg	13-neg
44-7	15-root	13-conj
44-8	9-amod	13-conj
44-9	7-dobj	13-conj
44-10	13-case	13-conj
44-11	13-nmod	13-conj
44-12	13-amod	13-conj
44-13	7-nmod	15-root
44-14	7-punct	13-punct

45-0	1-amod	21-conj
45-1	6-nmod	21-conj
45-2	3-case	21-conj
45-3	1-nmod	21-conj
45-4	6-nsubj	21-conj
45-5	6-compound	21-conj
45-6	23-root	21-conj
45-7	6-xcomp	21-conj
45-8	9-amod	21-conj
45-9	7-dobj	21-conj
45-10	9-nmod	21-conj
45-11	13-case	21-appos
45-12	13-amod	21-conj
45-13	9-nmod	21-conj
45-14	6-cc	13-cc
45-15	6-conj	21-conj
45-16	15-dobj	21-dobj
45-17	15-compound	21-conj
45-18	19-nummod	21-conj
45-19	15-nsubj	21-conj
45-20	19-cc	19-cc
45-21	19-conj	23-root
45-22	6-punct	21-punct

46-0	39-root	39-root
46-1	0-compound	39-root
46-2	9-mark	39-root
46-3	9-aux	39-root
46-4	9-compound	39-root
46-5	9-nsubj	39-root
46-6	7-case	39-root
46-7	5-nmod	39-root
46-8	7-nmod	39-root
46-9	0-ccomp	39-root
46-10	9-xcomp	39-root
46-11	19-punct	10-punct
46-12	19-mark	39-root
46-13	12-mwe	39-root
46-14	19-aux	39-root
46-15	19-nsubj	39-root
46-16	17-amod	39-root
46-17	19-nmod	39-root
46-18	19-cop	39-root
46-19	10-advcl	39-root
46-20	19-nmod	39-root
46-21	28-punct	20-punct
46-22	28-mark	39-root
46-23	22-mwe	39-root
46-24	28-aux	39-root
46-25	28-nsubj	39-root
46-26	25-appos	39-root
46-27	26-name	39-root
46-28	19-advcl	39-root
46-29	30-case	39-root
46-30	28-nmod	39-root
46-31	32-case	39-root
46-32	30-nmod	39-root
46-33	34-case	39-root
46-34	28-nmod	39-root
46-35	36-punct	36-punct
46-36	34-appos	39-root
46-37	36-punct	36-punct
46-38	0-punct	36-punct

47-0	3-nsubj	17-conj
47-1	0-nmod	17-conj
47-2	1-nmod	17-conj
47-3	19-root	17-conj
47-4	3-aux	17-conj
47-5	6-case	17-conj
47-6	3-nmod	17-conj
47-7	8-case	17-conj
47-8	3-nmod	17-conj
47-9	8-nmod	17-conj
47-10	3-cc	9-cc
47-11	3-conj	17-conj
47-12	11-dobj	17-conj
47-13	15-case	17-conj
47-14	15-amod	17-conj
47-15	12-nmod	17-conj
47-16	15-nmod	17-conj
47-17	16-nmod	19-root
47-18	3-punct	17-punct

48-0	2-case	14-dep
48-1	2-amod	14-dep
48-2	6-nmod	14-dep
48-3	2-punct	2-punct
48-4	5-nummod	14-dep
48-5	6-nmod	14-dep
48-6	21-root	14-dep
48-7	6-aux	14-cop
48-8	10-nummod	14-dep
48-9	10-amod	14-dep
48-10	6-nsubj	14-dep
48-11	6-punct	10-punct
48-12	13-nummod	14-dep
48-13	5-remnant	14-dep
48-14	8-remnant	19-dep
48-15	6-punct	14-punct
48-16	6-cc	14-cc
48-17	18-det	19-dep
48-18	13-remnant	19-dep
48-19	14-remnant	21-root
48-20	6-punct	19-punct

49-0	2-nsubj	5-dep
49-1	2-aux	5-dep
49-2	20-root	5-dep
49-3	2-xcomp	5-dep
49-4	5-det	5-dep
49-5	3-dobj	18-conj
49-6	2-punct	5-punct
49-7	2-cc	5-cc
49-8	12-nsubj	18-cc
49-9	12-aux	18-conj
49-10	12-cop	18-conj
49-11	12-amod	18-conj
49-12	2-conj	18-conj
49-13	2-punct	12-punct
49-14	2-punct	13-punct
49-15	16-punct	12-punct
49-16	2-parataxis	18-conj
49-17	16-aux	18-cop
49-18	16-nsubj	20-root
49-19	2-punct	18-punct

50-0	1-amod	4-dep
50-1	3-nsubj	4-dep
50-2	1-appos	4-dep
50-3	5-root	4-dep
50-4	3-dobj	5-root

51-0	1-amod	17-conj
51-1	11-nsubj	17-conj
51-2	1-appos	17-conj
51-3	2-name	17-conj
51-4	2-name	17-conj
51-5	1-cc	4-cc
51-6	8-nmod	17-conj
51-7	8-amod	17-conj
51-8	1-conj	17-nmod
51-9	8-appos	17-conj
51-10	9-name	17-conj
51-11	19-root	17-conj
51-12	11-aux	17-conj
51-13	15-mark	17-mark
51-14	15-aux	17-conj
51-15	11-ccomp	17-conj
51-16	17-amod	17-conj
51-17	15-dobj	19-root
51-18	11-punct	17-punct

52-0	6-nsubj	26-conj
52-1	0-cc	0-cc
52-2	3-amod	26-conj
52-3	0-conj	26-conj
52-4	6-advmod	5-advmod
52-5	6-compound	26-conj
52-6	28-root	26-conj
52-7	6-dobj	26-conj
52-8	9-amod	26-conj
52-9	7-nmod	26-conj
52-10	9-cc	9-cc
52-11	9-conj	26-conj
52-12	13-case	26-appos
52-13	7-nmod	26-conj
52-14	16-case	26-appos
52-15	16-amod	26-conj
52-16	13-nmod	26-conj
52-17	18-punct	16-punct
52-18	6-xcomp	26-conj
52-19	24-mark	21-mark
52-20	21-advmod	21-advmod
52-21	24-nsubj	26-conj
52-22	23-amod	26-conj
52-23	21-nmod	26-conj
52-24	18-ccomp	26-conj
52-25	26-case	26-appos
52-26	24-nmod	28-root
52-27	6-punct	26-punct

53-0	1-nsubj	22-conj
53-1	24-root	22-conj
53-2	1-dobj	22-conj
53-3	2-nmod	22-conj
53-4	6-punct	3-punct
53-5	6-mark	22-conj
53-6	2-acl	22-conj
53-7	8-amod	22-conj
53-8	6-dobj	22-conj
53-9	8-cc	8-cc
53-10	8-conj	22-conj
53-11	13-case	22-appos
53-12	13-amod	22-conj
53-13	6-nmod	22-conj
53-14	15-amod	22-conj
53-15	13-nmod	22-conj
53-16	17-case	22-conj
53-17	15-nmod	22-conj
53-18	13-punct	17-punct
53-19	13-cc	17-cc
53-20	13-conj	22-conj
53-21	22-amod	22-conj
53-22	20-nmod	24-root
53-23	1-punct	22-punct

54-0	27-root	25-conj
54-1	2-case	25-appos
54-2	0-nmod	25-nmod
54-3	0-cop	25-conj
54-4	0-aux	5-cop
54-5	0-nsubj	25-conj
54-6	8-punct	5-punct
54-7	8-punct	6-punct
54-8	5-appos	25-conj
54-9	8-compound	8-cc
54-10	8-compound	25-conj
54-11	8-punct	10-punct
54-12	8-punct	10-punct
54-13	15-compound	25-conj
54-14	15-compound	25-conj
54-15	5-nmod	14-appos
54-16	18-punct	14-punct
54-17	18-amod	25-conj
54-18	15-parataxis	25-conj
54-19	20-case	25-conj
54-20	18-nmod	19-xcomp
54-21	18-punct	20-punct
54-22	23-case	25-conj
54-23	5-nmod	25-conj
54-24	23-nmod	25-conj
54-25	24-name	27-root
54-26	0-punct	25-punct

55-0	1-nsubj	13-conj
55-1	22-root	13-conj
55-2	3-nummod	13-conj
55-3	1-dobj	13-conj
55-4	6-case	13-conj
55-5	6-compound	13-conj
55-6	3-nmod	13-conj
55-7	8-mark	13-conj
55-8	3-acl	13-conj
55-9	8-xcomp	13-conj
55-10	11-det	13-conj
55-11	9-nmod	13-conj
55-12	13-case	13-conj
55-13	9-nmod	20-conj
55-14	16-punct	13-punct
55-15	16-nummod	20-conj
55-16	3-remnant	20-conj
55-17	16-cc	20-mark
55-18	20-case	20-appos
55-19	20-amod	20-conj
55-20	16-nmod	22-root
55-21	1-punct	20-punct

56-0	6-nsubj	23-conj
56-1	2-punct	0-punct
56-2	0-parataxis	23-conj
56-3	2-punct	2-punct
56-4	6-advmod	23-advmod
56-5	6-aux	23-cop
56-6	25-root	23-conj
56-7	10-case	23-appos
56-8	10-amod	23-conj
56-9	10-compound	23-conj
56-10	6-nmod	23-conj
56-11	15-case	23-appos
56-12	15-nummod	23-conj
56-13	15-amod	23-conj
56-14	15-amod	23-conj
56-15	6-nmod	23-conj
56-16	20-case	23-conj
56-17	18-punct	16-punct
56-18	20-amod	23-conj
56-19	18-punct	18-punct
56-20	15-nmod	23-conj
56-21	15-acl	23-conj
56-22	23-case	23-conj
56-23	21-nmod	25-root
56-24	6-punct	23-punct

57-0	10-punct	14-punct
57-1	10-punct	0-punct
57-2	10-nsubj	14-appos
57-3	10-aux	14-appos
57-4	5-punct	3-punct
57-5	7-discourse	3-cc
57-6	5-punct	3-punct
57-7	10-advmod	14-appos
57-8	10-cop	14-appos
57-9	10-case	14-appos
57-10	40-root	14-appos
57-11	19-mark	14-mark
57-12	14-punct	11-punct
57-13	14-case	14-appos
57-14	19-parataxis	38-conj
57-15	14-punct	14-punct
57-16	19-advmod	14-advmod
57-17	16-cc	16-cc
57-18	16-conj	19-advmod
57-19	10-acl	38-conj
57-20	19-dobj	38-conj
57-21	22-mwe	24-caseCOLacc
57-22	19-advmod	24-advmod
57-23	22-cc	22-cc
57-24	25-mwe	38-mark
57-25	22-conj	24-advmod
57-26	27-punct	25-punct
57-27	19-xcomp	38-conj
57-28	30-amod	38-conj
57-29	30-amod	38-conj
57-30	27-dobj	38-conj
57-31	10-punct	30-punct
57-32	10-punct	31-punct
57-33	34-punct	30-punct
57-34	10-parataxis	38-conj
57-35	34-aux	38-cop
57-36	37-amod	38-conj
57-37	34-nsubj	38-conj
57-38	37-nmod	40-root
57-39	10-punct	38-punct

58-0	4-punct	2-punct
58-1	4-punct	0-punct
58-2	4-nsubj	11-dep
58-3	4-aux	11-dep
58-4	52-root	11-dep
58-5	4-dobj	11-dep
58-6	5-nmod	11-dep
58-7	9-compound	11-dep
58-8	9-compound	11-dep
58-9	6-nmod	11-dep
58-10	11-punct	11-punct
58-11	9-appos	50-conj
58-12	11-punct	11-punct
58-13	4-cc	11-cc
58-14	4-conj	50-conj
58-15	14-cc	14-cc
58-16	14-conj	50-conj
58-17	16-dobj	50-conj
58-18	17-cc	17-cc
58-19	17-conj	50-conj
58-20	22-compound	50-conj
58-21	22-compound	50-conj
58-22	19-nmod	50-conj
58-23	24-punct	24-punct
58-24	22-appos	22-appos
58-25	24-punct	24-punct
58-26	31-mark	50-conj
58-27	31-aux	50-conj
58-28	31-cop	50-conj
58-29	31-case	50-conj
58-30	31-amod	50-conj
58-31	22-acl	50-conj
58-32	4-punct	31-punct
58-33	4-punct	32-punct
58-34	35-parataxis	31-punct
58-35	4-parataxis	50-conj
58-36	35-case	50-cop
58-37	38-amod	50-conj
58-38	35-nsubj	50-conj
58-39	38-nmod	50-conj
58-40	38-appos	50-conj
58-41	42-case	40-foreign
58-42	40-name	41-foreign
58-43	40-name	50-conj
58-44	45-case	45-conj
58-45	35-nmod	50-conj
58-46	48-punct	45-punct
58-47	48-punct	48-punct
58-48	4-parataxis	50-conj
58-49	48-punct	48-punct
58-50	48-nsubj	52-root
58-51	4-punct	50-punct

59-0	2-case	13-conj
59-1	2-nummod	13-conj
59-2	7-nmod	13-conj
59-3	2-nmod	13-conj
59-4	2-punct	3-punct
59-5	6-amod	13-conj
59-6	7-nsubj	13-conj
59-7	15-root	13-conj
59-8	7-dobj	13-conj
59-9	8-cc	8-cc
59-10	8-conj	13-conj
59-11	13-mark	13-conj
59-12	13-advmod	13-conj
59-13	10-acl	15-root
59-14	7-punct	13-punct

60-0	1-amod	24-conj
60-1	2-dobj	24-conj
60-2	26-root	24-conj
60-3	2-aux	24-cop
60-4	5-amod	24-conj
60-5	2-nsubj	24-conj
60-6	5-appos	24-conj
60-7	6-name	24-conj
60-8	11-punct	7-punct
60-9	11-mark	24-conj
60-10	11-aux	24-cop
60-11	5-acl	24-conj
60-12	17-mark	24-mark
60-13	17-nsubj	24-nsubj
60-14	15-amod	24-conj
60-15	13-nmod	24-conj
60-16	17-aux	24-conj
60-17	11-ccomp	24-conj
60-18	19-punct	17-punct
60-19	21-neg	17-cc
60-20	19-punct	17-punct
60-21	22-nummod	24-conj
60-22	17-dobj	24-conj
60-23	24-neg	24-conj
60-24	22-nmod	26-root
60-25	2-punct	24-punct

61-0	4-nsubjpass	18-conj
61-1	0-nmod	18-conj
61-2	0-appos	18-conj
61-3	2-name	18-conj
61-4	20-root	18-conj
61-5	4-auxpass	18-cop
61-6	7-case	18-conj
61-7	4-nmod	18-conj
61-8	9-case	9-parataxis
61-9	7-nmod	7-appos
61-10	12-punct	7-punct
61-11	12-amod	18-conj
61-12	9-appos	18-conj
61-13	12-cc	12-cc
61-14	16-amod	18-conj
61-15	16-amod	18-conj
61-16	12-conj	18-conj
61-17	18-amod	18-conj
61-18	16-nmod	20-root
61-19	4-punct	18-punct

62-0	7-punct	2-punct
62-1	7-punct	0-punct
62-2	7-nsubj	21-conj
62-3	4-amod	21-conj
62-4	2-nmod	21-conj
62-5	6-case	21-conj
62-6	4-nmod	21-conj
62-7	23-root	21-conj
62-8	7-dobj	21-conj
62-9	11-case	21-conj
62-10	11-amod	21-conj
62-11	8-nmod	21-conj
62-12	13-amod	21-conj
62-13	11-nmod	21-conj
62-14	15-case	21-conj
62-15	11-nmod	21-conj
62-16	7-punct	15-punct
62-17	7-punct	16-punct
62-18	19-punct	15-punct
62-19	7-parataxis	21-conj
62-20	19-aux	21-cop
62-21	19-nsubj	23-root
62-22	7-punct	21-punct

63-0	1-case	10-cc
63-1	3-nmod	10-conj
63-2	3-compound	10-conj
63-3	12-root	10-conj
63-4	5-amod	10-conj
63-5	3-nsubj	10-conj
63-6	5-nmod	10-conj
63-7	5-appos	10-conj
63-8	9-case	7-foreign
63-9	7-name	10-conj
63-10	7-name	12-root
63-11	3-punct	10-punct

64-0	5-nsubj	7-cop
64-1	5-cop	7-cop
64-2	5-nummod	7-appos
64-3	5-case	7-appos
64-4	5-amod	7-appos
64-5	15-root	7-appos
64-6	7-case	7-appos
64-7	5-nmod	13-conj
64-8	5-punct	7-punct
64-9	5-cc	7-cc
64-10	11-cop	13-conj
64-11	5-conj	13-conj
64-12	13-case	13-mark
64-13	11-nmod	15-root
64-14	5-punct	13-punct

65-0	2-punct	22-punct
65-1	2-punct	0-punct
65-2	22-root	22-root
65-3	6-mark	5-mark
65-4	6-advmod	5-advmod
65-5	6-aux	22-root
65-6	2-ccomp	8-appos
65-7	6-punct	6-punct
65-8	6-conj	22-root
65-9	6-punct	8-punct
65-10	6-conj	22-root
65-11	6-cc	10-cc
65-12	6-conj	22-root
65-13	12-dobj	22-root
65-14	15-mark	22-root
65-15	13-acl	22-root
65-16	15-dobj	22-root
65-17	16-nmod	22-root
65-18	17-nmod	22-root
65-19	2-punct	18-punct
65-20	2-punct	18-punct
65-21	2-punct	18-punct

66-0	8-nsubj	13-conj
66-1	2-amod	13-conj
66-2	0-nmod	13-conj
66-3	0-appos	13-conj
66-4	3-name	13-conj
66-5	6-punct	4-punct
66-6	0-parataxis	13-conj
66-7	6-punct	6-punct
66-8	27-root	13-conj
66-9	8-cop	13-cop
66-10	11-case	13-conj
66-11	8-nmod	13-conj
66-12	13-amod	13-conj
66-13	11-nmod	25-conj
66-14	20-punct	13-punct
66-15	20-case	25-cc
66-16	20-advmod	17-advmod
66-17	20-nummod	25-conj
66-18	17-cc	25-conj
66-19	17-conj	25-conj
66-20	8-parataxis	25-conj
66-21	20-nmod	25-conj
66-22	20-advmod	25-conj
66-23	24-case	25-conj
66-24	22-nmod	25-conj
66-25	22-nmod	27-root
66-26	8-punct	25-punct

67-0	3-nsubj	12-conj
67-1	3-aux	12-cop
67-2	3-cop	12-conj
67-3	14-root	12-conj
67-4	5-case	12-conj
67-5	3-nmod	12-conj
67-6	12-case	12-appos
67-7	12-nummod	12-conj
67-8	7-punct	7-punct
67-9	7-conj	12-conj
67-10	7-cc	9-cc
67-11	7-conj	12-conj
67-12	5-nmod	14-root
67-13	3-punct	12-punct

68-0	12-nsubj	16-conj
68-1	4-punct	0-punct
68-2	4-mark	16-conj
68-3	4-compound	16-conj
68-4	0-acl	16-conj
68-5	4-xcomp	16-conj
68-6	9-mark	16-conj
68-7	9-aux	16-conj
68-8	9-advmod	7-advmod
68-9	5-acl	16-conj
68-10	9-dobj	16-conj
68-11	4-punct	10-punct
68-12	18-root	16-conj
68-13	12-aux	14-appos
68-14	12-compound	16-conj
68-15	16-case	16-case
68-16	12-nmod	18-root
68-17	12-punct	16-punct

69-0	2-parataxis	13-conj
69-1	0-punct	0-punct
69-2	6-nsubj	13-conj
69-3	4-amod	13-conj
69-4	2-nmod	13-conj
69-5	6-neg	6-neg
69-6	15-root	13-conj
69-7	6-punct	6-punct
69-8	6-cc	13-mark
69-9	13-cop	13-conj
69-10	13-nsubj	13-conj
69-11	12-case	13-conj
69-12	10-nmod	13-conj
69-13	6-conj	15-root
69-14	6-punct	13-punct

70-0	1-amod	24-conj
70-1	4-nsubj	24-conj
70-2	3-advmod	24-mark
70-3	4-advmod	24-conj
70-4	26-root	24-conj
70-5	6-amod	24-conj
70-6	4-dobj	24-conj
70-7	6-punct	6-punct
70-8	6-conj	24-conj
70-9	6-cc	8-cc
70-10	11-amod	24-conj
70-11	6-conj	24-conj
70-12	4-xcomp	24-conj
70-13	16-mark	24-conj
70-14	16-compound	24-conj
70-15	16-advmod	16-advmod
70-16	12-acl	24-conj
70-17	16-cc	16-cc
70-18	16-conj	24-conj
70-19	18-compound	24-conj
70-20	18-xcomp	24-conj
70-21	22-punct	20-punct
70-22	4-parataxis	24-conj
70-23	24-amod	24-conj
70-24	22-nsubj	26-root
70-25	4-punct	24-punct

71-0	2-det	5-dep
71-1	5-auxpass	5-cop
71-2	5-nsubjpass	5-dep
71-3	4-discourse	4-advmodCOLemph
71-4	5-advmod	5-dep
71-5	22-root	20-conj
71-6	5-punct	5-punct
71-7	5-cc	5-cc
71-8	20-nsubj	20-conj
71-9	11-case	20-conj
71-10	11-amod	20-conj
71-11	8-nmod	20-conj
71-12	13-amod	20-conj
71-13	11-nmod	20-conj
71-14	13-acl	20-conj
71-15	17-case	20-conj
71-16	17-det	20-conj
71-17	14-nmod	20-conj
71-18	20-aux	20-conj
71-19	20-advmod	20-advmod
71-20	5-conj	22-root
71-21	5-punct	20-punct

72-0	1-nummod	10-appos
72-1	2-nsubj	10-appos
72-2	27-root	10-appos
72-3	2-aux	4-appos
72-4	2-dobj	10-appos
72-5	6-case	10-appos
72-6	4-nmod	10-appos
72-7	8-amod	10-appos
72-8	6-nmod	10-appos
72-9	10-nummod	10-appos
72-10	2-nmod	25-conj
72-11	2-punct	10-punct
72-12	2-cc	10-cc
72-13	15-aux	25-cop
72-14	15-nsubj	25-nsubj
72-15	2-conj	25-conj
72-16	17-case	25-appos
72-17	15-nmod	25-conj
72-18	19-amod	25-conj
72-19	17-nmod	25-conj
72-20	15-cc	19-cc
72-21	23-advmod	22-advmod
72-22	23-auxpass	25-conj
72-23	15-conj	25-conj
72-24	25-case	25-conj
72-25	23-nmod	27-root
72-26	2-punct	25-punct

73-0	14-nsubj	4-appos
73-1	2-amod	4-appos
73-2	0-nmod	4-appos
73-3	0-appos	4-appos
73-4	3-name	23-conj
73-5	8-punct	4-punct
73-6	8-advmod	7-advmod
73-7	8-amod	23-conj
73-8	0-appos	23-conj
73-9	8-nmod	23-conj
73-10	12-compound	23-conj
73-11	12-compound	23-conj
73-12	9-compound	23-conj
73-13	8-punct	12-punct
73-14	25-root	23-conj
73-15	14-aux	23-cop
73-16	19-mark	17-mark
73-17	19-aux	23-conj
73-18	19-nsubj	23-conj
73-19	14-ccomp	23-conj
73-20	19-xcomp	23-conj
73-21	20-dobj	23-conj
73-22	21-nmod	23-conj
73-23	22-nmod	25-root
73-24	14-punct	23-punct

74-0	10-nsubj	8-parataxis
74-1	3-amod	8-parataxis
74-2	3-amod	8-parataxis
74-3	0-nmod	2-appos
74-4	6-punct	2-punct
74-5	6-amod	8-parataxis
74-6	0-appos	8-parataxis
74-7	8-amod	8-parataxis
74-8	6-nmod	16-conj
74-9	6-punct	8-punct
74-10	18-root	16-conj
74-11	12-discourse	12-advmod
74-12	16-amod	16-conj
74-13	14-discourse	12-advmod
74-14	12-cc	13-cc
74-15	12-conj	16-conj
74-16	10-dobj	18-root
74-17	10-punct	16-punct

75-0	8-mark	38-mark
75-1	8-aux	38-cop
75-2	8-nsubj	38-conj
75-3	2-acl	38-conj
75-4	7-case	38-conj
75-5	6-advmod	4-advmod
75-6	7-nummod	38-conj
75-7	3-nmod	38-conj
75-8	32-advcl	38-conj
75-9	18-mark	38-mark
75-10	18-compound	38-conj
75-11	15-advmod	38-conj
75-12	15-case	38-conj
75-13	14-compound	38-conj
75-14	15-nummod	38-conj
75-15	18-nsubj	38-conj
75-16	17-advmod	17-advmod
75-17	18-advmod	18-advmod
75-18	8-ccomp	38-conj
75-19	20-mwe	38-mark
75-20	22-amod	38-conj
75-21	22-amod	38-conj
75-22	18-dobj	38-conj
75-23	24-case	24-appos
75-24	22-nmod	38-conj
75-25	8-punct	24-punct
75-26	27-amod	38-conj
75-27	32-nsubj	38-conj
75-28	27-nmod	38-conj
75-29	27-appos	38-conj
75-30	29-name	38-conj
75-31	29-name	38-conj
75-32	40-root	38-conj
75-33	32-aux	38-cop
75-34	32-dobj	38-conj
75-35	36-mark	36-mark
75-36	32-ccomp	38-conj
75-37	36-dobj	38-conj
75-38	37-nmod	40-root
75-39	32-punct	38-punct

76-0	2-punct	35-punct
76-1	2-punct	0-punct
76-2	37-root	35-conj
76-3	2-xcomp	35-conj
76-4	5-discourse	35-mark
76-5	3-advmod	35-conj
76-6	8-case	35-conj
76-7	8-amod	35-conj
76-8	3-nmod	35-conj
76-9	10-nmod	35-conj
76-10	8-nmod	35-conj
76-11	13-mark	12-advmod
76-12	13-advmod	13-advmod
76-13	8-acl	35-conj
76-14	15-nmod	35-conj
76-15	13-dobj	35-conj
76-16	13-cc	15-cc
76-17	13-conj	35-conj
76-18	17-dobj	35-conj
76-19	18-nmod	35-conj
76-20	17-punct	19-punct
76-21	17-cc	19-cc
76-22	23-neg	35-neg
76-23	17-conj	35-conj
76-24	23-dobj	35-conj
76-25	23-xcomp	35-conj
76-26	27-punct	25-punct
76-27	29-amod	35-conj
76-28	27-punct	27-punct
76-29	25-dobj	35-conj
76-30	2-punct	29-punct
76-31	2-punct	30-punct
76-32	33-punct	29-punct
76-33	2-parataxis	35-conj
76-34	33-aux	35-cop
76-35	33-nsubj	37-root
76-36	2-punct	35-punct

77-0	6-advmod	19-advmod
77-1	3-case	19-appos
77-2	3-nmod	19-appos
77-3	0-nmod	19-appos
77-4	5-amod	19-appos
77-5	6-nsubj	19-appos
77-6	28-root	19-appos
77-7	6-aux	19-cop
77-8	10-case	19-appos
77-9	10-nmod	19-appos
77-10	6-nmod	19-appos
77-11	12-amod	19-appos
77-12	6-dobj	19-appos
77-13	12-nmod	19-appos
77-14	16-case	19-appos
77-15	16-amod	19-appos
77-16	12-nmod	19-appos
77-17	12-appos	19-appos
77-18	19-case	19-appos
77-19	17-name	26-conj
77-20	23-punct	19-punct
77-21	23-mark	26-conj
77-22	23-aux	26-cop
77-23	12-acl	26-conj
77-24	25-case	26-conj
77-25	23-nmod	26-conj
77-26	25-nmod	28-root
77-27	6-punct	26-punct

78-0	8-root	6-conj
78-1	0-cop	2-conj
78-2	0-nsubj	6-conj
78-3	6-cc	6-conj
78-4	6-amod	6-conj
78-5	6-amod	6-conj
78-6	2-nmod	8-root
78-7	0-punct	6-punct

79-0	2-case	2-cop
79-1	2-nummod	2-appos
79-2	5-discourse	19-conj
79-3	2-punct	2-punct
79-4	5-nsubj	19-conj
79-5	21-root	19-conj
79-6	10-mark	7-mark
79-7	10-aux	19-conj
79-8	10-compound	19-conj
79-9	10-nsubj	19-conj
79-10	5-ccomp	19-conj
79-11	14-case	19-appos
79-12	14-amod	19-conj
79-13	14-amod	19-conj
79-14	10-nmod	19-conj
79-15	17-mark	19-mark
79-16	17-aux	19-conj
79-17	10-advcl	19-conj
79-18	19-nmod	19-conj
79-19	17-dobj	21-root
79-20	5-punct	19-punct

80-0	2-nsubj	13-conj
80-1	2-aux	13-conj
80-2	15-root	13-conj
80-3	2-dobj	13-conj
80-4	5-case	13-conj
80-5	3-nmod	13-conj
80-6	5-punct	5-punct
80-7	8-amod	13-conj
80-8	5-conj	13-conj
80-9	8-nmod	13-conj
80-10	5-cc	9-cc
80-11	13-compound	13-conj
80-12	13-compound	13-conj
80-13	5-conj	15-root
80-14	2-punct	13-punct

81-0	1-amod	7-conj
81-1	4-nsubj	7-conj
81-2	4-aux	7-conj
81-3	4-cop	7-conj
81-4	9-root	7-conj
81-5	6-case	7-appos
81-6	4-nmod	7-conj
81-7	6-appos	9-root
81-8	4-punct	7-punct

82-0	2-case	15-conj
82-1	2-det	2-advmod
82-2	5-nmod	15-conj
82-3	2-punct	2-punct
82-4	5-nsubj	15-conj
82-5	17-root	15-conj
82-6	5-xcomp	15-conj
82-7	9-det	15-conj
82-8	9-amod	15-conj
82-9	6-dobj	15-conj
82-10	12-mark	15-conj
82-11	12-aux	15-conj
82-12	9-acl	15-conj
82-13	12-xcomp	15-conj
82-14	15-case	15-appos
82-15	13-nmod	17-root
82-16	5-punct	15-punct

83-0	1-nsubj	13-root
83-1	13-root	13-root
83-2	5-mark	13-root
83-3	5-cop	13-root
83-4	5-nsubj	13-root
83-5	1-ccomp	13-root
83-6	7-case	13-root
83-7	5-nmod	12-dep
83-8	7-nmod	12-dep
83-9	8-nmod	12-dep
83-10	11-case	12-dep
83-11	7-nmod	12-dep
83-12	11-nmod	6-dep

84-0	2-punct	6-punct
84-1	2-punct	0-punct
84-2	28-root	6-dep
84-3	2-dobj	6-dep
84-4	2-cop	6-cop
84-5	6-det	6-dep
84-6	2-nsubj	26-conj
84-7	10-punct	6-punct
84-8	10-mark	26-mark
84-9	10-cop	26-cop
84-10	2-advcl	26-conj
84-11	10-dobj	26-conj
84-12	11-dobj	26-conj
84-13	14-case	26-conj
84-14	18-mark	26-conj
84-15	18-aux	26-conj
84-16	18-compound	26-conj
84-17	18-nsubj	26-conj
84-18	12-acl	26-conj
84-19	20-case	26-cc
84-20	18-nmod	26-conj
84-21	23-mark	26-conj
84-22	23-dobj	26-conj
84-23	20-acl	26-conj
84-24	26-case	26-conj
84-25	26-amod	26-conj
84-26	23-nmod	28-root
84-27	2-punct	26-punct

85-0	2-case	13-dep
85-1	2-compound	13-dep
85-2	11-nmod	13-dep
85-3	4-case	13-dep
85-4	11-nmod	13-dep
85-5	6-case	13-dep
85-6	11-nmod	13-dep
85-7	9-punct	8-punct
85-8	9-nummod	13-dep
85-9	6-parataxis	8-appos
85-10	9-punct	9-punct
85-11	15-root	13-dep
85-12	11-aux	13-cop
85-13	11-nsubj	15-root
85-14	11-punct	13-punct

86-0	3-nsubj	14-conj
86-1	2-case	14-conj
86-2	3-nmod	14-conj
86-3	16-root	14-conj
86-4	3-dobj	14-conj
86-5	7-amod	14-conj
86-6	7-amod	14-conj
86-7	4-nmod	14-conj
86-8	7-punct	7-punct
86-9	7-conj	14-conj
86-10	9-nmod	14-conj
86-11	7-cc	10-cc
86-12	13-amod	14-conj
86-13	7-conj	14-conj
86-14	13-nmod	16-root
86-15	3-punct	14-punct

87-0	1-case	4-appos
87-1	9-nmod	4-appos
87-2	1-nummod	1-dep
87-3	2-punct	2-punct
87-4	2-conj	34-nmod
87-5	1-punct	4-punct
87-6	7-amod	34-conj
87-7	9-nsubj	34-conj
87-8	7-nmod	34-conj
87-9	36-root	34-conj
87-10	9-aux	34-cop
87-11	12-case	34-conj
87-12	9-nmod	34-conj
87-13	12-nmod	34-conj
87-14	17-nummod	34-conj
87-15	16-advmod	16-advmod
87-16	17-amod	34-conj
87-17	13-nmod	34-conj
87-18	17-nmod	34-conj
87-19	9-punct	18-punct
87-20	9-conj	34-conj
87-21	20-aux	34-cop
87-22	23-nmod	34-conj
87-23	20-dobj	34-conj
87-24	28-case	34-appos
87-25	28-amod	34-conj
87-26	25-cc	25-cc
87-27	25-conj	34-conj
87-28	23-nmod	34-conj
87-29	9-punct	28-punct
87-30	9-cc	28-cc
87-31	9-conj	34-conj
87-32	31-dobj	34-conj
87-33	34-amod	34-conj
87-34	32-nmod	36-root
87-35	9-punct	34-punct

88-0	1-nsubj	10-conj
88-1	12-root	10-conj
88-2	5-mark	10-mark
88-3	5-nsubjpass	10-dep
88-4	5-auxpass	10-conj
88-5	1-ccomp	10-conj
88-6	1-punct	5-punct
88-7	1-cc	9-mark
88-8	10-cop	9-conj
88-9	10-nsubj	10-conj
88-10	1-conj	12-root
88-11	1-punct	10-punct

89-0	3-nsubj	11-cc
89-1	3-cop	11-cop
89-2	3-amod	11-appos
89-3	25-root	11-appos
89-4	5-case	11-appos
89-5	3-nmod	11-appos
89-6	7-mark	11-appos
89-7	5-acl	11-appos
89-8	9-case	11-appos
89-9	7-nmod	11-appos
89-10	11-case	11-appos
89-11	9-nmod	23-conj
89-12	3-punct	11-punct
89-13	3-cc	11-cc
89-14	15-amod	23-conj
89-15	3-conj	23-conj
89-16	21-mark	17-advmod
89-17	18-amod	23-conj
89-18	21-nsubj	23-conj
89-19	20-case	23-conj
89-20	18-nmod	23-conj
89-21	15-advcl	23-conj
89-22	23-amod	23-conj
89-23	21-dobj	25-root
89-24	3-punct	23-punct

90-0	2-nsubj	20-root
90-1	2-compound	20-root
90-2	20-root	20-root
90-3	9-mark	20-root
90-4	9-aux	20-root
90-5	9-nsubj	20-root
90-6	5-nmod	20-root
90-7	8-amod	20-root
90-8	6-nmod	20-root
90-9	2-ccomp	20-root
90-10	11-case	20-root
90-11	9-nmod	20-root
90-12	13-amod	20-root
90-13	11-nmod	20-root
90-14	15-amod	20-root
90-15	13-nmod	20-root
90-16	15-nmod	20-root
90-17	16-cc	16-cc
90-18	16-conj	16-xcomp
90-19	2-punct	16-punct

91-0	24-xcomp	43-conj
91-1	2-mark	43-mark
91-2	0-ccomp	43-conj
91-3	2-dobj	43-conj
91-4	3-nmod	43-conj
91-5	7-mark	43-conj
91-6	7-aux	43-conj
91-7	3-acl	43-conj
91-8	7-nsubj	43-conj
91-9	8-nmod	43-conj
91-10	9-nmod	43-conj
91-11	10-appos	43-conj
91-12	14-mwe	43-mark
91-13	14-mwe	43-mark
91-14	18-mark	16-mark
91-15	18-aux	16-dep
91-16	18-nsubj	43-conj
91-17	18-punct	18-punct
91-18	7-advcl	43-conj
91-19	18-punct	18-punct
91-20	18-dobj	43-conj
91-21	0-punct	20-punct
91-22	24-nsubj	43-conj
91-23	24-aux	43-cop
91-24	45-root	43-conj
91-25	29-mark	43-mark
91-26	29-aux	43-conj
91-27	29-compound	43-conj
91-28	29-nsubj	43-conj
91-29	24-ccomp	43-conj
91-30	32-case	43-cc
91-31	32-amod	43-conj
91-32	29-nmod	43-conj
91-33	35-case	43-conj
91-34	35-compound	43-conj
91-35	29-nmod	43-conj
91-36	39-punct	35-punct
91-37	39-mark	43-conj
91-38	39-compound	43-conj
91-39	35-acl	43-conj
91-40	41-case	43-conj
91-41	39-nmod	43-conj
91-42	43-compound	43-conj
91-43	41-nmod	45-root
91-44	24-punct	43-punct

92-0	2-nsubj	41-conj
92-1	2-aux	41-cop
92-2	43-root	41-conj
92-3	21-mark	41-mark
92-4	21-aux	41-cop
92-5	21-punct	4-punct
92-6	21-punct	4-punct
92-7	8-nummod	41-conj
92-8	21-nsubj	41-conj
92-9	8-nmod	41-conj
92-10	12-case	41-conj
92-11	12-compound	18-appos
92-12	9-nmod	11-xcomp
92-13	15-punct	11-punct
92-14	15-case	18-appos
92-15	8-parataxis	18-appos
92-16	17-compound	18-conj
92-17	18-nummod	18-appos
92-18	15-nmod	21-dep
92-19	15-punct	18-punct
92-20	21-advmod	21-advmod
92-21	2-ccomp	28-appos
92-22	21-punct	21-punct
92-23	21-cc	21-cc
92-24	21-conj	28-appos
92-25	24-aux	28-appos
92-26	28-discourse	25-cc
92-27	28-amod	28-appos
92-28	24-dobj	10-dep
92-29	30-punct	10-punct
92-30	28-appos	41-conj
92-31	30-punct	30-punct
92-32	30-conj	41-conj
92-33	34-case	41-conj
92-34	32-nmod	41-conj
92-35	36-case	41-conj
92-36	34-nmod	41-conj
92-37	36-nmod	41-conj
92-38	30-punct	37-punct
92-39	30-conj	41-conj
92-40	30-cc	39-cc
92-41	30-conj	43-root
92-42	2-punct	41-punct

93-0	1-case	20-conj
93-1	4-nmod	20-conj
93-2	4-compound	20-conj
93-3	4-dobj	20-conj
93-4	22-root	20-conj
93-5	4-nsubj	20-conj
93-6	7-case	20-conj
93-7	5-nmod	20-conj
93-8	7-acl	20-conj
93-9	10-case	20-appos
93-10	8-nmod	20-conj
93-11	10-nmod	20-conj
93-12	11-punct	11-punct
93-13	11-conj	20-conj
93-14	11-cc	13-cc
93-15	11-conj	20-conj
93-16	15-nmod	20-conj
93-17	18-compound	20-conj
93-18	16-compound	20-conj
93-19	18-compound	18-cc
93-20	18-compound	22-root
93-21	4-punct	20-punct

94-0	5-nsubj	21-conj
94-1	3-amod	21-conj
94-2	3-amod	21-conj
94-3	0-nmod	21-conj
94-4	5-advmod	5-advmod
94-5	23-root	21-conj
94-6	7-mwe	21-mark
94-7	13-mark	21-mark
94-8	13-auxpass	21-cop
94-9	10-nmod	21-conj
94-10	13-nsubjpass	21-conj
94-11	12-amod	21-conj
94-12	13-nmod	21-conj
94-13	5-advcl	21-conj
94-14	13-advmod	15-advmod
94-15	17-case	21-cc
94-16	17-advmod	17-advmod
94-17	14-nmod	21-conj
94-18	17-cc	17-cc
94-19	17-conj	21-conj
94-20	21-case	21-conj
94-21	19-nmod	23-root
94-22	5-punct	21-punct

95-0	2-case	28-conj
95-1	2-amod	28-conj
95-2	7-discourse	28-conj
95-3	2-punct	2-punct
95-4	7-iobj	28-conj
95-5	7-aux	28-conj
95-6	7-cop	28-conj
95-7	30-root	28-conj
95-8	11-advmod	28-conj
95-9	11-case	28-conj
95-10	11-nummod	28-conj
95-11	7-nmod	28-conj
95-12	13-case	28-conj
95-13	7-dobj	28-conj
95-14	7-nmod	28-conj
95-15	16-punct	14-punct
95-16	14-nmod	28-conj
95-17	16-punct	16-punct
95-18	20-mark	28-conj
95-19	20-compound	28-conj
95-20	14-acl	28-conj
95-21	22-case	28-appos
95-22	20-nmod	28-conj
95-23	24-amod	28-conj
95-24	22-nmod	28-conj
95-25	26-case	28-cc
95-26	22-nmod	28-conj
95-27	28-case	28-appos
95-28	22-nmod	30-root
95-29	7-punct	28-punct

96-0	5-nsubj	9-conj
96-1	5-aux	9-conj
96-2	4-case	9-appos
96-3	4-det	9-conj
96-4	5-nmod	9-conj
96-5	11-root	9-conj
96-6	7-punct	7-punct
96-7	9-case	5-advmod
96-8	7-punct	7-punct
96-9	5-nmod	11-root
96-10	5-punct	9-punct

97-0	1-amod	3-dep
97-1	2-nsubj	3-dep
97-2	4-root	3-dep
97-3	2-dobj	4-root

98-0	2-case	1-advmod
98-1	2-nummod	12-conj
98-2	8-nmod	12-conj
98-3	4-punct	2-punct
98-4	7-case	12-appos
98-5	4-punct	4-punct
98-6	7-nummod	12-conj
98-7	8-nmod	12-conj
98-8	14-root	12-conj
98-9	8-auxpass	12-cop
98-10	11-advmod	11-advmod
98-11	12-nummod	12-conj
98-12	8-nsubjpass	14-root
98-13	8-punct	12-punct

99-0	15-parataxis	18-conj
99-1	0-punct	0-punct
99-2	4-mark	18-mark
99-3	4-compound	18-conj
99-4	15-advcl	18-conj
99-5	4-nsubj	18-conj
99-6	4-cc	5-cc
99-7	4-conj	18-conj
99-8	9-amod	18-conj
99-9	7-nsubj	18-conj
99-10	4-punct	9-punct
99-11	15-nsubj	18-cc
99-12	15-aux	18-conj
99-13	15-cop	18-conj
99-14	15-advmod	15-advmod
99-15	20-root	18-conj
99-16	17-case	18-conj
99-17	15-nmod	18-conj
99-18	17-nmod	20-root
99-19	15-punct	18-punct

100-0	1-amod	15-conj
100-1	3-nsubj	15-conj
100-2	1-appos	15-conj
100-3	17-root	15-conj
100-4	5-case	15-appos
100-5	3-nmod	15-conj
100-6	5-nmod	15-conj
100-7	6-punct	6-punct
100-8	6-conj	15-conj
100-9	6-punct	8-punct
100-10	6-conj	15-conj
100-11	6-punct	10-punct
100-12	13-compound	15-conj
100-13	6-conj	15-conj
100-14	6-cc	13-cc
100-15	6-conj	17-root
100-16	3-punct	15-punct

101-0	4-nsubj	11-conj
101-1	2-det	11-conj
101-2	0-nmod	11-conj
101-3	4-aux	4-dep
101-4	13-root	11-conj
101-5	7-discourse	4-cc
101-6	7-amod	11-conj
101-7	4-dobj	11-conj
101-8	11-case	10-mark
101-9	11-advmod	10-advmod
101-10	11-compound	11-conj
101-11	4-nmod	13-root
101-12	4-punct	11-punct

102-0	17-root	15-conj
102-1	0-compound	15-conj
102-2	6-mark	15-mark
102-3	6-cop	15-cop
102-4	5-amod	15-conj
102-5	6-nsubj	15-nsubj
102-6	0-csubj	15-conj
102-7	8-case	15-conj
102-8	6-nmod	15-conj
102-9	10-advmod	8-advmod
102-10	8-nmod	15-conj
102-11	12-case	15-conj
102-12	14-mark	15-conj
102-13	14-cop	15-cop
102-14	10-acl	15-conj
102-15	14-nsubj	17-root
102-16	0-punct	15-punct

103-0	2-nsubj	10-conj
103-1	2-cop	10-cop
103-2	12-root	10-conj
103-3	5-mark	10-conj
103-4	5-compound	10-conj
103-5	2-acl	10-conj
103-6	8-case	10-conj
103-7	8-amod	10-conj
103-8	5-nmod	10-conj
103-9	10-amod	10-conj
103-10	8-nmod	12-root
103-11	2-punct	10-punct

104-0	1-amod	25-root
104-1	4-nsubj	25-root
104-2	4-case	25-root
104-3	4-advmod	2-advmod
104-4	25-root	25-root
104-5	7-case	25-root
104-6	7-nmod	25-root
104-7	4-nmod	25-root
104-8	12-punct	7-punct
104-9	12-mark	25-root
104-10	12-aux	25-root
104-11	12-cop	25-root
104-12	4-advcl	25-root
104-13	14-dobj	25-root
104-14	12-csubj	25-root
104-15	17-case	17-mark
104-16	17-punct	17-punct
104-17	14-nmod	25-root
104-18	17-punct	17-punct
104-19	17-cc	17-cc
104-20	22-case	22-mark
104-21	22-punct	22-punct
104-22	17-conj	25-root
104-23	22-punct	22-punct
104-24	4-punct	22-punct

105-0	1-amod	25-conj
105-1	4-nsubj	25-conj
105-2	4-advmod	3-advmod
105-3	4-compound	25-conj
105-4	27-root	7-appos
105-5	7-case	7-appos
105-6	7-amod	7-appos
105-7	4-nmod	25-conj
105-8	4-punct	7-punct
105-9	4-cc	7-cc
105-10	11-compound	25-conj
105-11	4-conj	25-conj
105-12	11-xcomp	25-conj
105-13	14-discourse	12-cc
105-14	16-case	25-conj
105-15	16-amod	25-conj
105-16	12-nmod	25-conj
105-17	16-punct	16-punct
105-18	16-cc	25-mark
105-19	21-case	25-conj
105-20	21-amod	25-conj
105-21	16-conj	25-conj
105-22	21-acl	25-conj
105-23	22-nmod	25-conj
105-24	25-case	25-conj
105-25	23-nmod	27-root
105-26	4-punct	25-punct

106-0	3-nsubj	23-nsubj
106-1	0-compound	23-conj
106-2	3-aux	23-cop
106-3	25-root	23-conj
106-4	6-case	23-mark
106-5	6-amod	23-conj
106-6	3-nmod	23-conj
106-7	3-nmod	23-conj
106-8	9-mwe	23-mark
106-9	16-mark	23-mark
106-10	16-aux	23-conj
106-11	16-nsubj	23-conj
106-12	13-compound	23-conj
106-13	11-nmod	23-conj
106-14	15-case	23-appos
106-15	16-nmod	23-conj
106-16	3-advcl	23-conj
106-17	16-xcomp	23-conj
106-18	19-amod	23-conj
106-19	17-dobj	23-conj
106-20	19-appos	23-conj
106-21	20-compound	20-cc
106-22	23-compound	23-conj
106-23	20-compound	25-root
106-24	3-punct	23-punct

107-0	1-nmod	5-conj
107-1	7-root	5-conj
107-2	3-case	5-conj
107-3	1-nmod	5-conj
107-4	5-amod	5-conj
107-5	3-nmod	7-root
107-6	1-punct	5-punct

108-0	1-compound	11-conj
108-1	2-nsubj	11-nmod
108-2	13-root	11-conj
108-3	2-compound	11-conj
108-4	5-case	5-appos
108-5	2-nmod	11-conj
108-6	5-punct	5-punct
108-7	8-amod	11-conj
108-8	5-conj	11-nmod
108-9	5-cc	8-cc
108-10	11-amod	11-conj
108-11	5-conj	13-root
108-12	2-punct	11-punct

109-0	4-nsubj	4-conj
109-1	0-nmod	4-conj
109-2	3-case	4-conj
109-3	0-nmod	4-conj
109-4	6-root	6-root
109-5	4-punct	4-punct

110-0	2-dobj	7-conj
110-1	2-aux	7-conj
110-2	9-root	7-conj
110-3	2-nsubj	7-conj
110-4	5-nummod	7-conj
110-5	2-nmod	7-conj
110-6	7-nummod	7-conj
110-7	5-nmod	9-root
110-8	2-punct	7-punct

111-0	1-case	1-appos
111-1	5-discourse	9-conj
111-2	1-punct	1-punct
111-3	5-advmod	4-advmod
111-4	5-compound	9-conj
111-5	11-root	9-conj
111-6	7-case	9-conj
111-7	5-nmod	9-conj
111-8	7-cc	7-cc
111-9	7-conj	11-root
111-10	5-punct	9-punct

112-0	1-nummod	21-conj
112-1	2-dobj	21-conj
112-2	23-root	21-conj
112-3	4-nummod	21-conj
112-4	2-nmod	21-conj
112-5	6-case	21-cc
112-6	2-nmod	21-conj
112-7	6-name	21-conj
112-8	9-punct	7-punct
112-9	6-appos	21-conj
112-10	12-punct	11-punct
112-11	12-compound	21-conj
112-12	6-parataxis	11-appos
112-13	12-punct	11-punct
112-14	15-case	15-mark
112-15	6-nmod	21-conj
112-16	20-punct	15-punct
112-17	20-mark	21-conj
112-18	20-aux	21-cop
112-19	20-advmod	20-advmod
112-20	6-acl	21-conj
112-21	20-dobj	23-root
112-22	2-punct	21-punct

113-0	1-case	9-conj
113-1	4-nmod	9-conj
113-2	3-amod	9-conj
113-3	1-nmod	9-conj
113-4	11-root	9-conj
113-5	6-case	9-conj
113-6	4-nmod	9-conj
113-7	8-case	9-appos
113-8	4-nmod	9-conj
113-9	8-nmod	11-root
113-10	4-punct	9-punct

114-0	18-root	16-conj
114-1	0-compound	16-conj
114-2	0-xcomp	16-conj
114-3	4-case	16-conj
114-4	0-nmod	16-conj
114-5	7-mark	6-advmod
114-6	7-nsubj	16-conj
114-7	4-acl	16-conj
114-8	7-dobj	16-conj
114-9	7-punct	8-punct
114-10	11-discourse	16-mark
114-11	7-cc	10-cc
114-12	14-mark	16-advmod
114-13	14-cop	16-cop
114-14	7-conj	16-conj
114-15	14-cc	14-cc
114-16	14-conj	18-root
114-17	0-punct	16-punct

115-0	7-nsubj	26-conj
115-1	4-case	26-conj
115-2	3-advmod	26-mark
115-3	4-amod	26-conj
115-4	0-nmod	26-conj
115-5	6-amod	26-conj
115-6	4-nmod	26-conj
115-7	28-root	26-conj
115-8	7-aux	26-cop
115-9	10-case	26-conj
115-10	7-nmod	26-conj
115-11	15-mark	26-conj
115-12	15-aux	26-cop
115-13	14-case	26-conj
115-14	15-nmod	26-conj
115-15	10-acl	26-conj
115-16	17-case	26-conj
115-17	15-nmod	26-conj
115-18	17-nmod	26-conj
115-19	18-nmod	26-conj
115-20	19-punct	19-punct
115-21	19-conj	26-conj
115-22	19-cc	21-cc
115-23	19-conj	26-conj
115-24	26-case	26-conj
115-25	26-nummod	26-conj
115-26	17-nmod	28-root
115-27	7-punct	26-punct

116-0	8-nsubj	25-conj
116-1	0-cc	0-cc
116-2	0-conj	25-conj
116-3	4-case	25-conj
116-4	0-nmod	25-conj
116-5	8-cop	25-cop
116-6	8-det	25-conj
116-7	8-amod	25-conj
116-8	27-root	25-conj
116-9	12-punct	8-punct
116-10	12-mark	25-conj
116-11	12-compound	25-conj
116-12	8-acl	25-conj
116-13	14-case	25-conj
116-14	12-nmod	25-conj
116-15	14-punct	14-punct
116-16	18-amod	25-conj
116-17	18-amod	25-conj
116-18	14-conj	25-conj
116-19	14-cc	18-cc
116-20	14-conj	25-conj
116-21	23-punct	20-punct
116-22	23-mark	25-conj
116-23	20-acl	25-conj
116-24	23-dobj	25-conj
116-25	24-nmod	27-root
116-26	8-punct	25-punct

117-0	2-advmod	1-advmod
117-1	2-compound	7-conj
117-2	9-root	7-conj
117-3	4-case	7-conj
117-4	2-nmod	7-conj
117-5	4-cc	4-cc
117-6	7-amod	7-conj
117-7	4-conj	9-root
117-8	2-punct	7-punct

118-0	12-root	10-conj
118-1	0-aux	10-cop
118-2	5-case	10-conj
118-3	5-amod	10-conj
118-4	5-amod	10-conj
118-5	0-nmod	10-conj
118-6	8-case	10-cc
118-7	8-nummod	10-conj
118-8	0-nmod	10-conj
118-9	8-cc	8-cc
118-10	8-conj	12-root
118-11	0-punct	10-punct

119-0	18-root	16-conj
119-1	0-compound	16-conj
119-2	3-case	16-conj
119-3	0-nmod	16-conj
119-4	6-mark	16-mark
119-5	6-compound	16-conj
119-6	3-acl	16-conj
119-7	6-nsubj	16-conj
119-8	9-case	9-appos
119-9	7-nmod	16-conj
119-10	7-punct	9-punct
119-11	7-conj	16-conj
119-12	11-nmod	16-conj
119-13	6-cc	12-cc
119-14	6-conj	16-conj
119-15	16-amod	16-conj
119-16	14-nsubj	18-root
119-17	0-punct	16-punct

120-0	1-nmod	26-root
120-1	5-nsubj	26-root
120-2	5-cop	26-root
120-3	5-amod	26-root
120-4	5-amod	26-root
120-5	26-root	26-root
120-6	7-case	26-root
120-7	5-nmod	26-root
120-8	12-mark	26-root
120-9	12-aux	26-root
120-10	11-amod	26-root
120-11	12-nsubj	26-root
120-12	5-acl	26-root
120-13	16-mark	14-mark
120-14	16-cop	15-appos
120-15	16-amod	26-root
120-16	12-ccomp	26-root
120-17	12-punct	16-punct
120-18	12-cc	16-cc
120-19	21-aux	21-dep
120-20	21-dobj	19-conj
120-21	12-conj	26-root
120-22	23-punct	23-punct
120-23	21-xcomp	26-root
120-24	23-punct	23-punct
120-25	5-punct	23-punct

121-0	8-dobj	10-conj
121-1	3-mark	10-conj
121-2	3-neg	10-neg
121-3	0-acl	10-conj
121-4	5-amod	10-conj
121-5	3-dobj	10-conj
121-6	8-advmod	7-advmod
121-7	8-compound	10-conj
121-8	12-root	10-conj
121-9	10-case	10-conj
121-10	8-nmod	12-root
121-11	8-punct	10-punct

122-0	1-amod	9-conj
122-1	2-nsubj	9-conj
122-2	11-root	9-conj
122-3	2-cop	9-conj
122-4	5-amod	9-conj
122-5	2-nmod	9-conj
122-6	7-amod	9-conj
122-7	5-nmod	9-conj
122-8	9-amod	9-conj
122-9	7-nmod	11-root
122-10	2-punct	9-punct

123-0	5-mark	12-mark
123-1	5-dobj	12-cop
123-2	5-discourse	12-mark
123-3	5-nsubj	12-conj
123-4	5-advmod	5-advmod
123-5	7-advcl	12-conj
123-6	5-punct	5-punct
123-7	14-root	12-conj
123-8	7-aux	12-conj
123-9	10-dobj	12-cop
123-10	7-xcomp	12-conj
123-11	12-case	12-conj
123-12	10-nmod	14-root
123-13	7-punct	12-punct

124-0	1-amod	3-conj
124-1	3-nsubj	3-nmod
124-2	3-cop	3-cop
124-3	5-root	5-root
124-4	3-punct	3-punct

125-0	5-advmod	1-advmod
125-1	2-case	9-conj
125-2	0-nmod	9-conj
125-3	5-dobj	9-conj
125-4	5-compound	9-conj
125-5	11-root	9-conj
125-6	7-discourse	5-cc
125-7	5-nsubj	9-conj
125-8	7-appos	9-conj
125-9	8-name	11-root
125-10	5-punct	9-punct

126-0	8-nsubj	16-root
126-1	0-nmod	16-root
126-2	1-cc	1-cc
126-3	1-conj	16-root
126-4	5-case	16-root
126-5	0-nmod	16-root
126-6	8-cop	16-root
126-7	8-advmod	16-root
126-8	16-root	16-root
126-9	11-punct	16-punct
126-10	11-case	16-root
126-11	8-parataxis	16-root
126-12	13-case	16-root
126-13	11-punct	12-appos
126-14	11-punct	13-punct
126-15	8-punct	12-punct

127-0	4-nsubj	19-conj
127-1	4-aux	19-cop
127-2	3-nummod	19-conj
127-3	4-nmod	19-conj
127-4	21-root	19-conj
127-5	4-dobj	19-conj
127-6	9-punct	5-punct
127-7	9-mark	19-conj
127-8	9-aux	19-cop
127-9	4-parataxis	19-conj
127-10	11-nummod	19-conj
127-11	9-nsubj	19-conj
127-12	11-nmod	19-conj
127-13	12-nmod	19-conj
127-14	9-punct	13-punct
127-15	19-mark	19-dep
127-16	19-compound	19-conj
127-17	18-amod	19-conj
127-18	19-nsubj	19-conj
127-19	4-parataxis	21-root
127-20	4-punct	19-punct

128-0	1-case	20-appos
128-1	5-nmod	20-conj
128-2	3-amod	20-conj
128-3	1-nmod	20-conj
128-4	5-nsubj	20-conj
128-5	22-root	20-conj
128-6	7-case	20-conj
128-7	5-nmod	20-conj
128-8	10-punct	7-punct
128-9	10-case	20-appos
128-10	7-nmod	20-conj
128-11	5-xcomp	20-conj
128-12	11-compound	20-conj
128-13	15-case	20-conj
128-14	15-amod	20-conj
128-15	11-nmod	20-conj
128-16	20-case	20-conj
128-17	20-amod	20-conj
128-18	17-cc	17-cc
128-19	17-conj	20-conj
128-20	15-nmod	22-root
128-21	5-punct	20-punct

129-0	1-amod	26-root
129-1	6-nsubj	26-root
129-2	4-case	26-root
129-3	4-amod	11-dep
129-4	1-nmod	11-dep
129-5	6-cop	11-cop
129-6	26-root	11-dep
129-7	10-nummod	8-dep
129-8	7-punct	9-dep
129-9	7-conj	11-conj
129-10	6-nmod	11-dep
129-11	6-appos	17-appos
129-12	6-punct	11-punct
129-13	6-cc	11-cc
129-14	17-nsubj	17-appos
129-15	17-cop	17-cop
129-16	17-nummod	17-appos
129-17	6-conj	26-root
129-18	20-punct	19-punct
129-19	20-advmod	20-advmod
129-20	17-parataxis	26-root
129-21	22-case	22-mark
129-22	20-nmod	26-root
129-23	22-nummod	22-appos
129-24	20-punct	23-punct
129-25	6-punct	22-punct

130-0	1-case	31-appos
130-1	2-nmod	31-conj
130-2	33-root	31-conj
130-3	4-case	4-appos
130-4	2-nmod	31-conj
130-5	7-punct	4-punct
130-6	7-case	31-appos
130-7	1-remnant	31-conj
130-8	9-case	9-cop
130-9	4-remnant	31-conj
130-10	9-punct	9-punct
130-11	9-conj	31-conj
130-12	11-name	11-cc
130-13	11-name	31-conj
130-14	9-cc	13-cc
130-15	16-compound	31-conj
130-16	9-conj	31-conj
130-17	19-punct	16-punct
130-18	19-case	31-appos
130-19	7-remnant	31-conj
130-20	21-case	31-cc
130-21	9-remnant	31-conj
130-22	21-cc	21-cc
130-23	21-conj	31-conj
130-24	4-cc	23-cc
130-25	26-case	31-appos
130-26	19-remnant	31-conj
130-27	28-case	31-cc
130-28	21-remnant	31-conj
130-29	28-cc	28-cc
130-30	28-conj	31-conj
130-31	30-compound	33-root
130-32	2-punct	31-punct

131-0	12-nsubj	51-conj
131-1	0-nmod	51-conj
131-2	4-mark	51-conj
131-3	4-compound	51-conj
131-4	1-acl	12-dep
131-5	4-nsubj	12-dep
131-6	5-nmod	12-dep
131-7	8-amod	12-dep
131-8	6-nmod	12-dep
131-9	12-cop	12-cop
131-10	11-case	12-dep
131-11	12-nmod	12-dep
131-12	53-root	20-conj
131-13	12-punct	12-punct
131-14	12-cc	12-cc
131-15	20-case	16-appos
131-16	20-amod	20-conj
131-17	16-punct	16-punct
131-18	20-amod	20-conj
131-19	18-punct	18-punct
131-20	30-nmod	51-conj
131-21	23-punct	20-punct
131-22	23-case	51-cc
131-23	20-parataxis	51-conj
131-24	23-nmod	51-conj
131-25	26-case	51-conj
131-26	24-nmod	51-conj
131-27	23-punct	26-punct
131-28	29-det	51-conj
131-29	30-nsubj	51-conj
131-30	12-conj	51-conj
131-31	30-nummod	51-conj
131-32	33-case	51-conj
131-33	30-nmod	51-conj
131-34	30-punct	33-punct
131-35	30-cc	33-cc
131-36	37-amod	51-conj
131-37	47-nsubj	51-conj
131-38	39-discourse	40-mark
131-39	37-cc	38-cc
131-40	41-amod	51-conj
131-41	37-conj	51-conj
131-42	41-nmod	51-conj
131-43	44-punct	44-punct
131-44	41-parataxis	42-appos
131-45	44-punct	44-punct
131-46	47-compound	51-conj
131-47	30-conj	51-conj
131-48	49-case	51-conj
131-49	47-nmod	51-conj
131-50	51-case	51-conj
131-51	47-nmod	53-root
131-52	12-punct	51-punct

132-0	1-case	16-conj
132-1	8-nmod	16-conj
132-2	1-nmod	16-conj
132-3	2-compound	2-xcomp
132-4	1-punct	2-punct
132-5	6-case	16-conj
132-6	8-nmod	16-conj
132-7	6-nmod	16-conj
132-8	18-root	16-conj
132-9	8-compound	16-conj
132-10	11-amod	16-conj
132-11	8-nsubj	16-conj
132-12	11-appos	16-conj
132-13	12-cc	12-cc
132-14	12-conj	16-conj
132-15	12-cc	14-cc
132-16	12-conj	18-root
132-17	8-punct	16-punct

133-0	4-nsubj	4-dep
133-1	4-advmod	2-advmod
133-2	3-amod	4-dep
133-3	4-dobj	4-dep
133-4	10-root	8-conj
133-5	4-punct	4-punct
133-6	4-cc	4-cc
133-7	8-dobj	8-conj
133-8	4-conj	10-root
133-9	4-punct	8-punct

134-0	3-nsubj	11-dep
134-1	3-cop	11-cop
134-2	3-amod	11-conj
134-3	13-root	11-conj
134-4	5-case	11-conj
134-5	3-nmod	8-appos
134-6	8-case	8-appos
134-7	8-amod	8-appos
134-8	5-nmod	11-conj
134-9	11-punct	8-punct
134-10	11-advmod	11-advmod
134-11	8-parataxis	13-root
134-12	3-punct	11-punct

135-0	3-nsubj	10-conj
135-1	3-cop	10-cop
135-2	3-amod	10-conj
135-3	12-root	10-conj
135-4	5-case	10-cc
135-5	3-nmod	10-conj
135-6	8-case	10-mark
135-7	8-amod	10-conj
135-8	5-nmod	10-conj
135-9	10-nmod	10-conj
135-10	8-nmod	12-root
135-11	3-punct	10-punct

136-0	2-case	18-appos
136-1	2-det	18-advmod
136-2	4-nmod	18-conj
136-3	4-aux	18-conj
136-4	20-root	18-conj
136-5	4-nsubj	18-conj
136-6	5-appos	18-conj
136-7	6-cc	6-cc
136-8	9-compound	6-cc
136-9	6-conj	18-conj
136-10	11-compound	18-mark
136-11	9-compound	18-conj
136-12	14-mark	18-conj
136-13	14-aux	14-dep
136-14	5-acl	18-conj
136-15	18-discourse	14-cc
136-16	18-nummod	18-conj
136-17	18-amod	18-conj
136-18	14-dobj	20-root
136-19	4-punct	18-punct

137-0	10-nsubj	19-conj
137-1	4-punct	2-punct
137-2	4-case	19-conj
137-3	4-amod	19-conj
137-4	0-parataxis	19-conj
137-5	6-punct	4-punct
137-6	4-appos	4-appos
137-7	4-punct	6-punct
137-8	10-cop	19-cop
137-9	10-amod	19-conj
137-10	21-root	19-conj
137-11	12-mark	19-conj
137-12	10-acl	19-conj
137-13	14-advmod	14-advmod
137-14	16-amod	19-conj
137-15	16-amod	19-conj
137-16	12-dobj	19-conj
137-17	12-xcomp	19-conj
137-18	19-amod	19-conj
137-19	17-dobj	21-root
137-20	10-punct	19-punct

138-0	2-mark	1-advmod
138-1	2-compound	42-conj
138-2	6-advcl	42-conj
138-3	2-nsubj	42-conj
138-4	5-case	42-conj
138-5	2-nmod	42-conj
138-6	44-root	42-conj
138-7	6-compound	42-conj
138-8	6-nsubj	11-advmod
138-9	10-mwe	11-mark
138-10	14-mark	11-mark
138-11	14-cop	14-dep
138-12	14-punct	11-punct
138-13	14-punct	11-punct
138-14	8-acl	42-conj
138-15	14-punct	14-punct
138-16	14-cc	14-cc
138-17	18-punct	18-punct
138-18	14-conj	42-conj
138-19	18-punct	18-punct
138-20	24-punct	21-punct
138-21	24-advmod	22-advmod
138-22	24-compound	42-conj
138-23	24-compound	42-conj
138-24	14-parataxis	42-conj
138-25	24-punct	24-punct
138-26	27-amod	42-conj
138-27	24-conj	42-conj
138-28	29-case	29-appos
138-29	27-nmod	42-conj
138-30	24-punct	29-punct
138-31	32-amod	42-conj
138-32	24-conj	42-conj
138-33	24-cc	32-cc
138-34	24-conj	32-advmod
138-35	24-punct	34-punct
138-36	39-punct	32-punct
138-37	39-case	42-conj
138-38	39-amod	42-conj
138-39	6-parataxis	42-conj
138-40	41-det	42-conj
138-41	39-nmod	42-conj
138-42	41-nmod	44-root
138-43	6-punct	42-punct

139-0	2-nsubj	8-conj
139-1	0-name	8-conj
139-2	10-root	8-conj
139-3	2-cop	8-cop
139-4	5-nummod	8-conj
139-5	2-nmod	8-conj
139-6	5-nummod	8-conj
139-7	8-case	8-conj
139-8	2-nmod	10-root
139-9	2-punct	8-punct

140-0	1-amod	12-conj
140-1	2-nsubj	12-conj
140-2	14-root	12-conj
140-3	6-punct	2-punct
140-4	6-mark	5-mark
140-5	6-nsubj	12-conj
140-6	2-ccomp	12-conj
140-7	6-xcomp	12-conj
140-8	9-advmod	9-advmod
140-9	10-nummod	12-conj
140-10	7-dobj	12-conj
140-11	10-nmod	12-conj
140-12	11-nmod	14-root
140-13	2-punct	12-punct

141-0	1-nsubj	5-appos
141-1	18-root	5-appos
141-2	5-discourse	1-cc
141-3	5-nummod	5-appos
141-4	5-amod	5-appos
141-5	1-dobj	16-conj
141-6	11-punct	5-punct
141-7	11-advmod	8-advmod
141-8	11-amod	16-conj
141-9	10-punct	8-punct
141-10	11-amod	16-conj
141-11	5-appos	16-conj
141-12	13-mark	16-conj
141-13	11-acl	16-conj
141-14	13-dobj	16-conj
141-15	16-case	16-conj
141-16	13-nmod	18-root
141-17	1-punct	16-punct

142-0	3-discourse	2-cc
142-1	0-punct	0-punct
142-2	3-advmod	3-advmod
142-3	18-root	16-conj
142-4	11-mark	16-mark
142-5	11-dobj	16-dobj
142-6	11-compound	16-conj
142-7	11-advmod	8-advmod
142-8	11-advmod	11-advmod
142-9	11-discourse	8-cc
142-10	11-neg	11-neg
142-11	3-ccomp	16-conj
142-12	11-cc	11-cc
142-13	14-compound	16-conj
142-14	11-conj	16-conj
142-15	16-case	16-conj
142-16	14-nmod	18-root
142-17	3-punct	16-punct

143-0	1-case	1-advmod
143-1	4-nmod	24-conj
143-2	4-compound	24-conj
143-3	4-advmod	4-advmod
143-4	26-root	15-dep
143-5	6-amod	15-dep
143-6	4-nsubj	15-dep
143-7	8-case	15-appos
143-8	4-nmod	15-dep
143-9	10-amod	15-dep
143-10	8-nmod	15-dep
143-11	4-xcomp	15-dep
143-12	11-dobj	15-dep
143-13	12-nmod	15-dep
143-14	13-cc	13-cc
143-15	13-conj	24-conj
143-16	4-punct	15-punct
143-17	4-cc	15-cc
143-18	20-nsubj	24-conj
143-19	20-cop	20-appos
143-20	4-conj	24-conj
143-21	23-case	24-conj
143-22	23-nummod	24-conj
143-23	20-nmod	24-conj
143-24	23-nmod	26-root
143-25	4-punct	24-punct

144-0	6-nsubj	11-conj
144-1	2-amod	11-conj
144-2	0-nmod	11-conj
144-3	6-advmod	11-conj
144-4	6-aux	11-conj
144-5	6-compound	11-conj
144-6	13-root	11-conj
144-7	10-mark	8-advmod
144-8	10-nsubj	11-conj
144-9	8-appos	11-conj
144-10	6-advcl	11-conj
144-11	10-dobj	13-root
144-12	6-punct	11-punct

145-0	2-nsubj	6-conj
145-1	2-dobj	6-conj
145-2	8-root	6-cop
145-3	4-case	6-conj
145-4	2-nmod	6-conj
145-5	6-case	6-conj
145-6	4-nmod	8-root
145-7	2-punct	6-punct

146-0	1-amod	16-root
146-1	4-nsubj	16-root
146-2	4-advmod	3-advmod
146-3	4-compound	16-root
146-4	16-root	16-root
146-5	6-case	16-root
146-6	4-nmod	16-root
146-7	9-amod	16-root
146-8	9-amod	16-root
146-9	6-nmod	16-root
146-10	12-case	16-root
146-11	12-nummod	16-root
146-12	6-nmod	16-root
146-13	14-case	16-root
146-14	6-nmod	13-advmod
146-15	4-punct	13-punct

147-0	1-amod	11-conj
147-1	2-dobj	11-dobj
147-2	13-root	11-conj
147-3	2-xcomp	11-conj
147-4	5-case	11-appos
147-5	3-nmod	11-conj
147-6	7-case	11-cc
147-7	9-mark	11-conj
147-8	9-auxpass	11-cop
147-9	5-acl	11-conj
147-10	11-det	11-conj
147-11	9-nsubjpass	13-root
147-12	2-punct	11-punct

148-0	3-case	25-conj
148-1	3-amod	25-conj
148-2	3-amod	25-conj
148-3	4-nmod	25-conj
148-4	27-root	25-conj
148-5	4-compound	25-conj
148-6	7-case	11-mark
148-7	4-nmod	11-appos
148-8	7-nmod	11-appos
148-9	11-det	11-appos
148-10	11-nmod	11-appos
148-11	8-nmod	25-conj
148-12	11-punct	11-punct
148-13	11-appos	25-conj
148-14	13-punct	13-punct
148-15	13-conj	25-conj
148-16	13-punct	15-punct
148-17	13-conj	25-conj
148-18	13-punct	17-punct
148-19	20-amod	25-conj
148-20	13-conj	25-conj
148-21	13-punct	20-punct
148-22	23-amod	25-conj
148-23	13-conj	25-conj
148-24	13-cc	23-cc
148-25	13-conj	27-root
148-26	4-punct	25-punct

149-0	2-nsubj	13-conj
149-1	2-cop	13-cop
149-2	15-root	13-conj
149-3	4-compound	13-conj
149-4	2-nmod	13-conj
149-5	8-punct	6-punct
149-6	8-advmod	4-advmod
149-7	8-foreign	13-conj
149-8	4-appos	7-appos
149-9	8-punct	8-punct
149-10	11-punct	8-punct
149-11	4-appos	13-conj
149-12	11-nmod	13-advmod
149-13	12-compound	15-root
149-14	2-punct	13-punct

150-0	1-amod	8-conj
150-1	3-dobj	8-conj
150-2	1-nmod	8-conj
150-3	10-root	8-conj
150-4	5-amod	8-conj
150-5	3-nsubj	8-conj
150-6	5-acl	8-conj
150-7	8-case	8-conj
150-8	6-nmod	10-root
150-9	3-punct	8-punct

151-0	11-nsubj	20-conj
151-1	2-amod	20-conj
151-2	0-nmod	20-conj
151-3	11-aux	20-cop
151-4	7-punct	3-punct
151-5	7-case	20-conj
151-6	7-amod	20-conj
151-7	11-discourse	20-conj
151-8	9-det	9-conj
151-9	7-nmod	20-conj
151-10	7-punct	9-punct
151-11	22-root	20-conj
151-12	15-mark	20-advmod
151-13	15-aux	20-cop
151-14	15-nsubj	20-conj
151-15	11-advcl	20-conj
151-16	18-nmod	20-conj
151-17	18-nummod	20-conj
151-18	15-dobj	20-conj
151-19	20-case	20-conj
151-20	18-nmod	22-root
151-21	11-punct	20-punct

152-0	17-nsubj	26-dep
152-1	2-case	2-mark
152-2	0-nmod	26-dep
152-3	2-cc	2-cc
152-4	2-conj	26-dep
152-5	6-amod	26-dep
152-6	13-amod	26-dep
152-7	6-punct	6-punct
152-8	6-conj	26-dep
152-9	6-punct	8-punct
152-10	6-conj	26-dep
152-11	6-cc	10-cc
152-12	6-conj	26-dep
152-13	2-nmod	26-dep
152-14	16-case	26-dep
152-15	16-amod	26-dep
152-16	13-nmod	26-dep
152-17	41-root	26-dep
152-18	21-amod	26-dep
152-19	18-cc	18-cc
152-20	18-conj	26-dep
152-21	17-dobj	26-dep
152-22	23-case	26-dep
152-23	17-nmod	26-dep
152-24	23-nmod	26-dep
152-25	26-amod	26-dep
152-26	24-nmod	39-conj
152-27	24-punct	26-punct
152-28	24-cc	26-cc
152-29	24-conj	39-conj
152-30	31-amod	39-conj
152-31	29-nmod	39-conj
152-32	36-case	33-mark
152-33	36-amod	39-conj
152-34	35-punct	33-punct
152-35	36-amod	39-conj
152-36	31-nmod	39-conj
152-37	36-nmod	39-conj
152-38	39-amod	39-conj
152-39	37-nmod	41-root
152-40	17-punct	39-punct

153-0	2-nsubj	8-conj
153-1	0-nmod	8-conj
153-2	10-root	8-conj
153-3	2-dobj	8-conj
153-4	3-nmod	8-conj
153-5	4-punct	4-punct
153-6	4-conj	8-conj
153-7	4-cc	6-cc
153-8	4-conj	10-root
153-9	2-punct	8-punct

154-0	2-nsubj	16-conj
154-1	2-compound	16-conj
154-2	18-root	16-conj
154-3	2-xcomp	16-conj
154-4	7-case	16-conj
154-5	6-advmod	16-conj
154-6	7-nummod	16-conj
154-7	2-nmod	16-conj
154-8	9-punct	9-punct
154-9	7-parataxis	7-advmod
154-10	9-punct	9-punct
154-11	14-punct	9-punct
154-12	14-advmod	7-advmod
154-13	14-case	16-conj
154-14	7-parataxis	16-conj
154-15	16-amod	16-conj
154-16	14-nmod	18-root
154-17	2-punct	16-punct

155-0	10-nsubj	3-appos
155-1	3-punct	2-punct
155-2	3-amod	3-appos
155-3	0-parataxis	12-conj
155-4	5-punct	3-punct
155-5	3-appos	12-nsubj
155-6	5-compound	5-appos
155-7	3-punct	6-punct
155-8	10-amod	12-conj
155-9	10-cop	12-cop
155-10	14-root	12-conj
155-11	12-case	12-appos
155-12	10-nmod	14-root
155-13	10-punct	12-punct

156-0	1-dobj	18-advmod
156-1	20-root	18-conj
156-2	3-amod	18-conj
156-3	1-nsubj	18-conj
156-4	5-case	18-appos
156-5	3-nmod	18-conj
156-6	5-nmod	18-conj
156-7	8-advmod	8-advmod
156-8	9-amod	18-conj
156-9	12-amod	18-conj
156-10	9-cc	9-cc
156-11	9-conj	18-conj
156-12	3-nmod	18-conj
156-13	18-punct	12-punct
156-14	18-mark	18-conj
156-15	18-cop	18-conj
156-16	18-case	18-conj
156-17	18-amod	18-conj
156-18	3-acl	20-root
156-19	1-punct	18-punct

157-0	2-amod	5-appos
157-1	2-amod	5-appos
157-2	4-nsubj	5-appos
157-3	4-cop	5-cop
157-4	14-root	5-appos
157-5	4-name	14-root
157-6	9-parataxis	7-punct
157-7	9-case	14-root
157-8	9-nummod	14-root
157-9	4-parataxis	14-root
157-10	11-nummod	14-root
157-11	9-nmod	10-appos
157-12	9-parataxis	11-punct
157-13	4-punct	10-punct

158-0	2-compound	25-conj
158-1	2-compound	25-conj
158-2	15-nsubj	25-conj
158-3	4-punct	2-punct
158-4	2-appos	25-conj
158-5	9-punct	6-punct
158-6	9-advmod	25-conj
158-7	9-foreign	25-conj
158-8	9-foreign	9-appos
158-9	2-appos	25-conj
158-10	11-punct	9-punct
158-11	9-appos	9-appos
158-12	9-punct	11-punct
158-13	15-amod	25-conj
158-14	15-cop	25-cop
158-15	27-root	25-conj
158-16	17-compound	25-conj
158-17	15-nmod	25-conj
158-18	19-mark	25-conj
158-19	15-acl	25-conj
158-20	22-case	25-mark
158-21	22-amod	25-conj
158-22	19-nmod	25-conj
158-23	25-amod	25-conj
158-24	25-amod	25-conj
158-25	22-nmod	27-root
158-26	15-punct	25-punct

159-0	1-case	17-conj
159-1	12-nmod	17-conj
159-2	1-appos	17-conj
159-3	2-compound	17-conj
159-4	6-compound	3-punct
159-5	6-compound	17-conj
159-6	2-compound	17-conj
159-7	8-compound	17-conj
159-8	11-compound	17-conj
159-9	8-compound	8-cc
159-10	8-compound	17-conj
159-11	6-compound	17-conj
159-12	27-root	17-conj
159-13	12-auxpass	17-cop
159-14	15-discourse	15-advmod
159-15	17-nummod	17-conj
159-16	17-nmod	17-conj
159-17	12-nsubjpass	25-conj
159-18	25-punct	17-punct
159-19	20-case	25-conj
159-20	25-mark	25-conj
159-21	25-cop	25-conj
159-22	25-nsubj	25-conj
159-23	25-case	25-conj
159-24	25-nummod	25-conj
159-25	17-acl	27-root
159-26	12-punct	25-punct

160-0	1-amod	23-dep
160-1	3-nsubj	23-dep
160-2	1-nmod	23-dep
160-3	33-root	23-dep
160-4	5-amod	23-dep
160-5	3-dobj	23-dep
160-6	9-amod	23-dep
160-7	6-cc	6-cc
160-8	6-conj	23-dep
160-9	5-nmod	23-dep
160-10	9-cc	9-cc
160-11	13-amod	23-dep
160-12	13-amod	23-dep
160-13	9-conj	23-dep
160-14	17-punct	13-punct
160-15	17-mark	23-dep
160-16	17-cop	17-dep
160-17	13-acl	23-dep
160-18	23-advmod	17-advmod
160-19	18-cc	18-cc
160-20	18-conj	21-advmod
160-21	23-case	23-dep
160-22	23-amod	23-dep
160-23	17-nmod	31-conj
160-24	23-punct	23-punct
160-25	23-cc	23-cc
160-26	30-advmod	23-advmod
160-27	26-cc	26-cc
160-28	26-conj	23-advmod
160-29	30-case	31-appos
160-30	23-conj	31-conj
160-31	30-nmod	33-root
160-32	3-punct	31-punct

161-0	1-amod	16-conj
161-1	4-nsubj	16-conj
161-2	1-nmod	16-conj
161-3	4-cop	4-appos
161-4	18-root	16-conj
161-5	7-punct	6-punct
161-6	7-case	16-conj
161-7	4-parataxis	16-conj
161-8	9-case	16-conj
161-9	7-nmod	8-appos
161-10	7-punct	9-punct
161-11	14-case	16-conj
161-12	14-compound	16-conj
161-13	14-compound	16-conj
161-14	4-nmod	16-conj
161-15	4-nmod	16-conj
161-16	15-nmod	18-root
161-17	4-punct	16-punct

162-0	13-nsubj	23-root
162-1	2-case	23-root
162-2	6-mark	23-root
162-3	6-cop	23-root
162-4	5-nummod	23-root
162-5	6-nsubj	6-dep
162-6	0-acl	4-appos
162-7	6-punct	4-punct
162-8	6-cc	4-cc
162-9	10-nsubj	23-root
162-10	6-conj	23-root
162-11	13-cop	23-root
162-12	13-advmod	11-advmod
162-13	23-root	23-root
162-14	15-case	23-root
162-15	13-nmod	23-root
162-16	17-case	23-root
162-17	19-mark	23-root
162-18	19-compound	23-root
162-19	15-acl	23-root
162-20	21-amod	23-root
162-21	19-nsubj	20-advcl
162-22	13-punct	20-punct

163-0	1-case	13-appos
163-1	8-discourse	0-advmod
163-2	1-punct	0-punct
163-3	4-case	13-appos
163-4	8-nmod	13-appos
163-5	4-nmod	13-appos
163-6	7-mark	13-appos
163-7	5-acl	13-appos
163-8	50-root	13-appos
163-9	13-nmod	13-appos
163-10	13-amod	13-appos
163-11	13-amod	13-appos
163-12	13-amod	13-appos
163-13	8-nsubj	48-conj
163-14	15-punct	13-punct
163-15	13-appos	48-conj
163-16	15-nmod	48-conj
163-17	19-punct	16-punct
163-18	19-mark	48-conj
163-19	15-acl	48-conj
163-20	19-dobj	48-conj
163-21	20-nmod	48-conj
163-22	24-mark	23-mark
163-23	24-aux	48-conj
163-24	20-advcl	48-conj
163-25	24-dobj	48-conj
163-26	25-punct	25-punct
163-27	25-conj	48-conj
163-28	24-cc	27-cc
163-29	24-conj	48-conj
163-30	29-dobj	48-conj
163-31	15-punct	30-punct
163-32	15-cc	30-cc
163-33	15-conj	48-conj
163-34	33-nmod	48-conj
163-35	37-punct	34-punct
163-36	37-mark	48-conj
163-37	33-acl	48-conj
163-38	37-dobj	48-conj
163-39	38-nmod	48-conj
163-40	42-mark	41-mark
163-41	42-aux	48-conj
163-42	38-advcl	48-conj
163-43	44-amod	48-conj
163-44	42-dobj	48-conj
163-45	44-punct	44-punct
163-46	44-conj	48-conj
163-47	44-cc	46-cc
163-48	44-conj	50-root
163-49	8-punct	48-punct

164-0	1-nsubj	3-conj
164-1	5-root	3-conj
164-2	3-nummod	3-conj
164-3	1-dobj	5-root
164-4	1-punct	3-punct

165-0	15-nsubjpass	4-dep
165-1	0-nmod	4-dep
165-2	3-punct	3-punct
165-3	0-appos	4-dep
165-4	3-foreign	21-conj
165-5	3-punct	4-punct
165-6	0-cc	4-cc
165-7	0-conj	21-conj
165-8	10-mark	21-conj
165-9	10-dobj	10-cop
165-10	7-acl	21-conj
165-11	12-punct	12-punct
165-12	7-appos	21-conj
165-13	12-foreign	12-appos
165-14	12-punct	13-punct
165-15	23-root	21-conj
165-16	15-auxpass	17-dep
165-17	21-amod	21-conj
165-18	17-cc	17-cc
165-19	20-advmod	21-conj
165-20	17-conj	21-conj
165-21	15-dobj	23-root
165-22	15-punct	21-punct

166-0	1-case	16-dep
166-1	9-nmod	16-dep
166-2	3-case	16-cop
166-3	1-nmod	16-dep
166-4	5-nummod	16-dep
166-5	3-nmod	16-dep
166-6	1-punct	5-punct
166-7	9-nsubj	16-dep
166-8	9-cop	9-appos
166-9	26-root	16-dep
166-10	9-punct	9-punct
166-11	12-nsubj	16-dep
166-12	9-conj	16-dep
166-13	14-discourse	14-advmodCOLemph
166-14	15-advmod	15-advmod
166-15	16-nummod	16-dep
166-16	12-nmod	24-conj
166-17	9-punct	16-punct
166-18	9-cc	16-cc
166-19	9-conj	24-conj
166-20	19-xcomp	24-conj
166-21	22-case	24-conj
166-22	23-nummod	24-conj
166-23	20-nmod	24-dep
166-24	23-nmod	26-root
166-25	9-punct	24-punct

167-0	1-case	18-conj
167-1	3-nmod	18-conj
167-2	3-nsubj	18-conj
167-3	20-root	18-conj
167-4	3-dobj	18-conj
167-5	6-case	18-conj
167-6	3-nmod	18-conj
167-7	6-cc	6-cc
167-8	6-conj	18-conj
167-9	6-punct	8-punct
167-10	11-amod	18-conj
167-11	6-conj	18-conj
167-12	6-punct	11-punct
167-13	6-conj	18-conj
167-14	15-amod	18-conj
167-15	13-nmod	18-conj
167-16	6-cc	15-cc
167-17	6-conj	18-conj
167-18	17-nmod	20-root
167-19	3-punct	18-punct

168-0	8-root	6-conj
168-1	0-compound	6-conj
168-2	3-case	6-appos
168-3	6-amod	6-conj
168-4	3-cc	3-cc
168-5	3-conj	6-conj
168-6	0-nmod	8-root
168-7	0-punct	6-punct

169-0	1-advmod	1-advmod
169-1	2-amod	26-conj
169-2	6-nsubj	26-conj
169-3	2-nmod	26-conj
169-4	6-aux	26-conj
169-5	6-iobj	26-discourse
169-6	28-root	26-conj
169-7	6-xcomp	26-conj
169-8	6-dobj	26-conj
169-9	10-nummod	26-conj
169-10	8-nmod	26-conj
169-11	6-cc	10-cc
169-12	16-aux	26-cop
169-13	16-advmod	14-advmod
169-14	15-nmod	26-conj
169-15	16-nsubj	26-conj
169-16	6-conj	26-conj
169-17	16-dobj	26-conj
169-18	21-amod	26-conj
169-19	21-compound	26-conj
169-20	21-compound	26-conj
169-21	17-nmod	26-conj
169-22	23-mark	26-mark
169-23	16-ccomp	26-conj
169-24	23-dobj	26-conj
169-25	26-case	26-appos
169-26	23-nmod	28-root
169-27	6-punct	26-punct

170-0	5-nsubj	13-dep
170-1	5-cop	13-cop
170-2	5-discourse	1-advmod
170-3	2-punct	2-punct
170-4	5-amod	13-conj
170-5	15-root	13-conj
170-6	5-nmod	13-conj
170-7	6-nmod	13-conj
170-8	11-punct	7-punct
170-9	11-mark	13-conj
170-10	11-compound	13-conj
170-11	5-acl	13-conj
170-12	11-nsubj	13-conj
170-13	12-nmod	15-root
170-14	5-punct	13-punct

171-0	1-mwe	9-mark
171-1	3-mark	2-mark
171-2	3-nsubj	9-appos
171-3	33-advcl	9-appos
171-4	5-case	9-appos
171-5	3-nmod	9-appos
171-6	8-case	9-appos
171-7	8-amod	9-appos
171-8	5-nmod	9-appos
171-9	8-nmod	33-conj
171-10	14-punct	9-punct
171-11	14-mark	33-advmod
171-12	14-compound	33-conj
171-13	14-advmod	14-advmod
171-14	8-acl	33-conj
171-15	14-nsubj	33-conj
171-16	15-nmod	33-conj
171-17	18-det	33-conj
171-18	16-nmod	33-conj
171-19	14-punct	18-punct
171-20	23-nmod	33-conj
171-21	33-cop	33-cop
171-22	23-amod	33-conj
171-23	33-nsubj	33-conj
171-24	25-case	33-conj
171-25	23-nmod	33-conj
171-26	29-amod	33-conj
171-27	26-cc	26-cc
171-28	26-conj	33-conj
171-29	25-nmod	33-conj
171-30	31-case	33-conj
171-31	29-nmod	33-conj
171-32	33-advmod	33-advmod
171-33	35-root	35-root
171-34	33-punct	33-punct

172-0	2-mark	9-mark
172-1	2-nsubj	9-dep
172-2	9-advcl	9-dep
172-3	5-nummod	9-dep
172-4	5-amod	5-appos
172-5	2-dobj	3-appos
172-6	2-punct	3-punct
172-7	9-advmod	3-advmod
172-8	9-cop	9-cop
172-9	22-root	20-conj
172-10	9-punct	9-punct
172-11	9-cc	9-cc
172-12	16-mark	14-mark
172-13	16-cop	14-appos
172-14	16-dobj	20-conj
172-15	16-nsubj	20-conj
172-16	17-advcl	20-conj
172-17	9-conj	20-conj
172-18	17-xcomp	20-conj
172-19	20-case	20-conj
172-20	18-nmod	22-root
172-21	9-punct	20-punct

173-0	2-nsubj	2-appos
173-1	2-dobj	2-appos
173-2	12-root	10-conj
173-3	2-punct	2-punct
173-4	2-dobj	10-conj
173-5	2-punct	4-punct
173-6	4-conj	10-conj
173-7	2-punct	6-punct
173-8	4-conj	10-conj
173-9	4-cc	8-cc
173-10	4-conj	12-root
173-11	2-punct	10-punct

174-0	2-det	18-conj
174-1	2-nummod	18-conj
174-2	3-nsubj	18-conj
174-3	20-root	18-conj
174-4	3-compound	18-conj
174-5	3-xcomp	18-conj
174-6	7-case	18-conj
174-7	5-nmod	18-conj
174-8	10-case	18-cc
174-9	10-amod	18-conj
174-10	7-nmod	18-conj
174-11	10-nmod	18-conj
174-12	13-case	18-appos
174-13	10-nmod	18-conj
174-14	13-nmod	18-conj
174-15	14-punct	14-punct
174-16	14-conj	18-conj
174-17	14-cc	16-cc
174-18	14-conj	20-root
174-19	3-punct	18-punct

175-0	3-nsubj	18-conj
175-1	3-aux	18-cop
175-2	3-cop	18-conj
175-3	20-root	18-conj
175-4	5-compound	18-conj
175-5	3-nmod	18-conj
175-6	10-mark	18-conj
175-7	10-aux	18-cop
175-8	10-cop	18-conj
175-9	10-advmod	8-advmod
175-10	3-acl	18-conj
175-11	12-case	18-conj
175-12	10-nmod	18-conj
175-13	14-nummod	18-conj
175-14	12-nmod	18-conj
175-15	16-case	18-appos
175-16	10-nmod	18-conj
175-17	18-amod	18-conj
175-18	16-nmod	20-root
175-19	3-punct	18-punct

176-0	1-nsubj	16-appos
176-1	30-root	16-appos
176-2	1-xcomp	16-appos
176-3	2-xcomp	16-appos
176-4	6-punct	5-punct
176-5	6-case	16-appos
176-6	3-parataxis	5-appos
176-7	6-punct	6-punct
176-8	3-punct	6-punct
176-9	3-conj	16-appos
176-10	12-punct	11-punct
176-11	12-case	16-appos
176-12	9-parataxis	16-appos
176-13	12-nmod	12-appos
176-14	12-punct	13-punct
176-15	3-punct	13-punct
176-16	3-conj	19-dep
176-17	19-punct	18-punct
176-18	19-case	19-dep
176-19	16-parataxis	30-root
176-20	19-punct	19-punct
176-21	3-cc	19-cc
176-22	3-conj	30-root
176-23	27-punct	24-punct
176-24	27-amod	30-root
176-25	26-punct	24-punct
176-26	27-amod	30-root
176-27	22-parataxis	26-appos
176-28	27-punct	27-punct
176-29	1-punct	26-punct

177-0	3-nsubj	29-root
177-1	3-cop	29-root
177-2	3-amod	29-root
177-3	29-root	29-root
177-4	5-amod	29-root
177-5	3-nmod	29-root
177-6	8-punct	5-punct
177-7	8-case	29-root
177-8	3-nmod	29-root
177-9	8-nmod	29-root
177-10	9-punct	9-punct
177-11	8-conj	29-root
177-12	11-nmod	29-root
177-13	8-punct	12-punct
177-14	8-conj	29-root
177-15	14-nmod	29-root
177-16	17-compound	29-root
177-17	15-nmod	29-root
177-18	19-case	19-appos
177-19	14-nmod	29-root
177-20	21-punct	19-punct
177-21	3-parataxis	29-root
177-22	23-case	29-root
177-23	21-nmod	29-root
177-24	23-nmod	29-root
177-25	24-punct	24-punct
177-26	24-conj	29-root
177-27	24-cc	26-cc
177-28	24-conj	26-advmod

178-0	1-nummod	8-conj
178-1	6-nsubj	8-conj
178-2	1-nmod	8-conj
178-3	2-nummod	8-conj
178-4	6-cop	8-conj
178-5	6-aux	8-cop
178-6	10-root	8-conj
178-7	6-appos	8-conj
178-8	7-name	10-root
178-9	6-punct	8-punct

179-0	1-case	16-conj
179-1	5-nmod	16-conj
179-2	4-case	16-conj
179-3	4-amod	16-conj
179-4	1-nmod	16-conj
179-5	18-root	16-conj
179-6	8-nmod	16-conj
179-7	8-amod	16-conj
179-8	5-dobj	16-conj
179-9	8-appos	16-conj
179-10	11-case	16-cc
179-11	16-mark	16-conj
179-12	16-aux	16-conj
179-13	16-compound	16-conj
179-14	16-advmod	16-conj
179-15	16-discourse	14-cc
179-16	9-acl	18-root
179-17	5-punct	16-punct

180-0	3-advmod	1-advmod
180-1	3-aux	20-conj
180-2	3-dobj	20-conj
180-3	22-root	20-conj
180-4	5-discourse	3-cc
180-5	3-nsubj	20-conj
180-6	5-name	20-conj
180-7	8-punct	6-punct
180-8	5-appos	20-conj
180-9	11-punct	10-punct
180-10	11-compound	20-conj
180-11	5-parataxis	10-appos
180-12	11-punct	11-punct
180-13	5-punct	10-punct
180-14	5-conj	20-conj
180-15	14-name	20-conj
180-16	17-punct	17-punct
180-17	14-parataxis	15-appos
180-18	17-punct	17-punct
180-19	5-cc	17-cc
180-20	5-conj	22-root
180-21	3-punct	20-punct

181-0	3-advmod	1-advmod
181-1	3-cop	3-appos
181-2	3-nsubj	3-cc
181-3	9-root	7-conj
181-4	3-punct	3-punct
181-5	3-conj	7-conj
181-6	3-cc	5-cc
181-7	3-conj	9-root
181-8	3-punct	7-punct

182-0	4-nsubj	14-dep
182-1	0-nmod	14-dep
182-2	4-cop	14-dep
182-3	4-aux	14-cop
182-4	21-root	14-dep
182-5	6-punct	6-punct
182-6	4-name	14-dep
182-7	6-punct	6-punct
182-8	4-name	14-dep
182-9	4-punct	8-punct
182-10	13-nsubj	14-dep
182-11	13-aux	14-cop
182-12	13-cop	14-dep
182-13	4-conj	14-dep
182-14	13-name	19-conj
182-15	4-punct	14-punct
182-16	4-cc	14-cc
182-17	18-nsubj	19-conj
182-18	4-conj	19-conj
182-19	18-name	21-root
182-20	4-punct	19-punct

183-0	1-amod	18-conj
183-1	11-nsubj	18-conj
183-2	3-mark	18-conj
183-3	1-acl	18-conj
183-4	3-dobj	18-conj
183-5	6-case	18-conj
183-6	3-nmod	18-conj
183-7	11-advmod	6-advmod
183-8	11-cop	18-cop
183-9	11-case	18-conj
183-10	11-nummod	18-conj
183-11	20-root	18-dep
183-12	14-case	18-conj
183-13	14-nummod	18-conj
183-14	11-conj	18-dep
183-15	18-punct	14-punct
183-16	18-advmod	17-advmod
183-17	18-case	18-conj
183-18	11-parataxis	20-root
183-19	11-punct	18-punct

184-0	2-nsubj	6-conj
184-1	2-dobj	6-conj
184-2	8-root	6-cop
184-3	4-case	6-conj
184-4	2-nmod	6-conj
184-5	6-case	6-conj
184-6	4-nmod	8-root
184-7	2-punct	6-punct

185-0	3-nsubj	18-conj
185-1	3-cop	18-cop
185-2	3-nummod	18-conj
185-3	20-root	18-conj
185-4	5-case	18-conj
185-5	3-nmod	7-dep
185-6	5-punct	5-punct
185-7	5-conj	18-conj
185-8	5-punct	7-punct
185-9	10-case	18-conj
185-10	5-conj	18-conj
185-11	12-amod	18-conj
185-12	10-nmod	18-conj
185-13	5-cc	12-cc
185-14	15-case	18-conj
185-15	5-conj	18-conj
185-16	15-nmod	18-conj
185-17	18-case	18-conj
185-18	16-nmod	20-root
185-19	3-punct	18-punct

186-0	1-amod	10-conj
186-1	4-dobj	10-conj
186-2	4-nsubj	10-conj
186-3	4-aux	4-cop
186-4	12-root	10-conj
186-5	4-cc	4-cc
186-6	4-conj	10-conj
186-7	6-compound	10-conj
186-8	10-case	9-mark
186-9	10-amod	10-conj
186-10	6-nmod	12-root
186-11	4-punct	10-punct

187-0	6-dobj	19-conj
187-1	2-det	19-conj
187-2	0-nmod	19-conj
187-3	5-compound	19-conj
187-4	5-neg	19-neg
187-5	21-root	19-conj
187-6	5-xcomp	19-conj
187-7	9-advmod	8-advmod
187-8	9-case	19-conj
187-9	6-nmod	8-xcomp
187-10	16-punct	8-punct
187-11	12-case	19-conj
187-12	16-nmod	19-conj
187-13	15-case	19-appos
187-14	15-amod	19-conj
187-15	16-nmod	19-conj
187-16	6-parataxis	19-conj
187-17	16-xcomp	19-conj
187-18	19-amod	19-conj
187-19	17-dobj	21-root
187-20	5-punct	19-punct

188-0	2-amod	19-conj
188-1	2-case	19-conj
188-2	9-nsubj	19-conj
188-3	2-cc	2-cc
188-4	2-conj	19-conj
188-5	2-acl	19-conj
188-6	7-case	19-conj
188-7	5-nmod	19-conj
188-8	9-cop	9-appos
188-9	21-root	19-conj
188-10	9-punct	9-punct
188-11	12-compound	19-conj
188-12	9-conj	19-conj
188-13	9-punct	12-punct
188-14	9-conj	19-conj
188-15	9-punct	14-punct
188-16	9-conj	19-conj
188-17	9-cc	16-cc
188-18	19-compound	19-conj
188-19	9-conj	21-root
188-20	9-punct	19-punct

189-0	14-root	12-conj
189-1	0-aux	12-cop
189-2	0-advmod	12-conj
189-3	4-case	12-appos
189-4	0-nmod	12-conj
189-5	4-nmod	12-conj
189-6	7-case	12-conj
189-7	5-nmod	12-conj
189-8	10-case	12-conj
189-9	10-amod	12-conj
189-10	5-nmod	12-conj
189-11	10-nmod	12-conj
189-12	11-name	14-root
189-13	0-punct	12-punct

190-0	1-nsubj	18-appos
190-1	36-root	18-appos
190-2	3-nmod	18-appos
190-3	1-dobj	18-appos
190-4	5-mark	5-mark
190-5	1-ccomp	18-appos
190-6	10-advmod	18-appos
190-7	6-cc	6-cc
190-8	6-conj	18-appos
190-9	10-case	18-appos
190-10	5-nmod	18-appos
190-11	12-amod	18-appos
190-12	10-nmod	18-appos
190-13	15-mark	18-appos
190-14	15-aux	15-appos
190-15	12-acl	18-appos
190-16	18-case	18-appos
190-17	18-compound	18-appos
190-18	15-nmod	36-root
190-19	21-punct	18-punct
190-20	21-advmod	21-advmod
190-21	5-parataxis	36-root
190-22	21-dobj	36-root
190-23	24-case	36-root
190-24	21-nmod	34-conj
190-25	26-case	34-conj
190-26	24-nmod	34-conj
190-27	26-cc	26-cc
190-28	26-conj	34-conj
190-29	30-case	34-cc
190-30	32-mark	34-conj
190-31	32-compound	34-conj
190-32	24-acl	34-conj
190-33	34-nummod	34-conj
190-34	32-nmod	23-xcomp
190-35	1-punct	23-punct

191-0	1-case	18-conj
191-1	5-nmod	18-conj
191-2	4-amod	18-conj
191-3	4-amod	18-conj
191-4	5-nsubj	18-dep
191-5	20-root	18-conj
191-6	7-case	18-conj
191-7	5-nmod	18-conj
191-8	9-punct	9-punct
191-9	7-parataxis	7-appos
191-10	9-punct	9-punct
191-11	12-case	18-appos
191-12	5-nmod	18-conj
191-13	14-mark	14-advmod
191-14	12-acl	18-conj
191-15	16-amod	18-conj
191-16	14-dobj	18-conj
191-17	16-cc	16-cc
191-18	16-conj	20-root
191-19	5-punct	18-punct

192-0	2-case	11-appos
192-1	2-amod	11-appos
192-2	7-nmod	11-appos
192-3	2-punct	2-punct
192-4	5-amod	11-appos
192-5	7-nmod	11-appos
192-6	7-cop	11-cop
192-7	18-root	11-appos
192-8	9-det	11-appos
192-9	7-nmod	11-appos
192-10	11-det	11-appos
192-11	9-nmod	16-conj
192-12	15-punct	11-punct
192-13	15-advmod	14-advmod
192-14	15-case	16-conj
192-15	7-discourse	16-conj
192-16	15-nmod	18-root
192-17	7-punct	16-punct

193-0	1-amod	10-conj
193-1	3-nsubj	10-conj
193-2	3-cop	10-cop
193-3	12-root	10-conj
193-4	6-det	10-conj
193-5	6-amod	10-conj
193-6	3-nmod	10-conj
193-7	10-case	10-conj
193-8	9-mwe	10-mark
193-9	10-amod	10-conj
193-10	3-nmod	12-root
193-11	3-punct	10-punct

194-0	1-case	5-conj
194-1	3-nmod	5-conj
194-2	3-compound	5-conj
194-3	7-root	5-conj
194-4	3-nsubj	5-conj
194-5	4-appos	7-root
194-6	3-punct	5-punct

195-0	2-case	16-root
195-1	2-amod	16-root
195-2	5-nmod	16-root
195-3	4-det	16-root
195-4	2-nmod	16-root
195-5	16-root	16-root
195-6	5-nsubj	16-root
195-7	8-compound	16-root
195-8	6-nmod	16-root
195-9	10-case	16-root
195-10	8-nmod	16-root
195-11	10-name	16-root
195-12	6-punct	11-punct
195-13	14-amod	16-root
195-14	6-conj	16-root
195-15	6-advmod	14-advmod

196-0	6-nsubjpass	17-conj
196-1	6-auxpass	17-cop
196-2	4-case	17-conj
196-3	4-amod	17-conj
196-4	6-nmod	17-conj
196-5	4-nmod	17-conj
196-6	19-root	17-conj
196-7	8-case	17-conj
196-8	6-nmod	17-conj
196-9	6-nmod	17-conj
196-10	17-punct	9-punct
196-11	17-mark	17-conj
196-12	17-advmod	11-advmod
196-13	14-punct	12-punct
196-14	17-discourse	12-advmod
196-15	14-punct	14-punct
196-16	17-aux	17-conj
196-17	6-parataxis	19-root
196-18	6-punct	17-punct

197-0	4-discourse	4-advmod
197-1	4-cop	4-cop
197-2	4-discourse	3-advmodCOLemph
197-3	4-amod	4-conj
197-4	6-root	6-root
197-5	4-punct	4-punct

198-0	1-nsubj	10-conj
198-1	12-root	10-conj
198-2	1-cc	1-cc
198-3	1-conj	10-conj
198-4	1-dobj	3-appos
198-5	6-punct	3-punct
198-6	4-appos	10-conj
198-7	10-compound	10-conj
198-8	7-cc	7-cc
198-9	7-conj	10-conj
198-10	6-nmod	12-root
198-11	1-punct	10-punct

199-0	2-nsubj	12-conj
199-1	2-compound	12-conj
199-2	14-root	12-conj
199-3	5-case	7-appos
199-4	5-nummod	5-appos
199-5	2-nmod	3-dep
199-6	12-punct	3-punct
199-7	12-compound	12-conj
199-8	7-punct	7-punct
199-9	7-conj	12-conj
199-10	7-cc	9-cc
199-11	7-conj	12-conj
199-12	5-appos	14-root
199-13	2-punct	12-punct

200-0	1-amod	12-conj
200-1	11-dobj	12-conj
200-2	3-case	12-conj
200-3	1-nmod	12-conj
200-4	3-nmod	12-conj
200-5	7-punct	4-punct
200-6	7-punct	7-punct
200-7	1-appos	12-conj
200-8	7-punct	7-punct
200-9	7-punct	7-punct
200-10	11-aux	12-cop
200-11	14-root	12-conj
200-12	11-nsubj	14-root
200-13	11-punct	12-punct
