1-0	3-punct	1-punct
1-1	3-advmodCOLmode	2-advmod
1-2	3-neg	8-advmod
1-3	24-root	2-nmod
1-4	5-det	5-det
1-5	6-nmodCOLobl	3-nmod
1-6	3-nsubj	5-nmod
1-7	3-punct	2-punct
1-8	9-det	9-det
1-9	11-dobj	11-nsubj
1-10	11-nsubj	9-nmod
1-11	3-conj	24-root
1-12	11-punct	11-punct
1-13	20-mark	15-mark
1-14	16-det	15-det
1-15	16-amodCOLatt	11-conj
1-16	20-nmodCOLobl	15-nmod
1-17	16-cc	11-cc
1-18	19-det	19-det
1-19	20-nmodCOLobl	11-nmod
1-20	11-csubj	11-conj
1-21	22-det	22-det
1-22	20-nsubj	20-nmod
1-23	3-punct	11-punct

2-0	4-advmodCOLmode	3-advmod
2-1	4-cc	0-cc
2-2	3-appos	0-nmod
2-3	4-nsubj	4-nsubj
2-4	16-root	16-root
2-5	6-det	6-det
2-6	4-nmodCOLobl	4-nmod
2-7	4-punct	4-punct
2-8	4-cc	4-cc
2-9	10-amodCOLatt	10-amod
2-10	11-nmodCOLobl	4-nmod
2-11	4-conj	4-conj
2-12	14-det	13-det
2-13	14-nummod	11-nmod
2-14	11-dobj	13-nmod
2-15	4-punct	4-punct

3-0	4-punct	1-punct
3-1	4-advmodCOLtlocy	4-advmod
3-2	3-det	3-det
3-3	4-nmodCOLobl	1-nmod
3-4	14-root	14-root
3-5	6-det	6-det
3-6	4-nsubj	4-nmod
3-7	4-punct	6-punct
3-8	4-cc	4-cc
3-9	10-det	10-det
3-10	11-nmodCOLatt	4-nmod
3-11	12-nmodCOLobl	10-nmod
3-12	4-conj	4-conj
3-13	4-punct	4-punct

4-0	8-root	1-nmod
4-1	0-cop	8-root
4-2	3-det	3-det
4-3	0-nsubj	1-nmod
4-4	6-det	5-det
4-5	6-amodCOLatt	6-amod
4-6	0-nmodCOLobl	1-nmod
4-7	0-punct	1-punct

5-0	4-punct	4-punct
5-1	4-nsubj	0-nmod
5-2	1-cc	4-cc
5-3	4-advmodCOLmode	4-advmod
5-4	33-root	33-root
5-5	4-punct	4-punct
5-6	4-cc	4-cc
5-7	13-advmodCOLtlocy	4-advmod
5-8	12-det	9-det
5-9	10-nmodCOLatt	4-nmod
5-10	12-amodCOLatt	9-amod
5-11	12-amodCOLatt	9-amod
5-12	13-nmodCOLobl	11-nmod
5-13	15-advmodCOLmode	4-advmod
5-14	15-advmodCOLmode	4-advmod
5-15	4-conj	4-conj
5-16	17-det	17-det
5-17	15-nmodCOLobl	15-nmod
5-18	15-punct	15-punct
5-19	4-cc	15-cc
5-20	24-advmodCOLtlocy	15-advmod
5-21	24-nsubj	15-nmod
5-22	21-cc	23-cc
5-23	24-amodCOLatt	24-amod
5-24	4-conj	21-nmod
5-25	24-punct	15-punct
5-26	28-mark	28-mark
5-27	28-advmodCOLto	28-advmod
5-28	24-csubj	15-conj
5-29	31-det	30-det
5-30	31-name	28-nmod
5-31	28-nmodCOLobl	30-nmod
5-32	4-punct	4-punct

6-0	1-nummod	1-nummod
6-1	6-nmod	6-nsubj
6-2	1-case	3-case
6-3	6-nmodCOLobl	1-nmod
6-4	6-advmodCOLmode	5-advmod
6-5	6-amodCOLmode	1-amod
6-6	14-root	14-root
6-7	6-punct	6-punct
6-8	11-mark	11-mark
6-9	11-nmodCOLatt	11-nmod
6-10	11-advmodCOLtlocy	11-advmod
6-11	6-advcl	6-conj
6-12	11-nsubj	11-nmod
6-13	6-punct	6-punct

7-0	6-punct	1-punct
7-1	3-amodCOLatt	11-root
7-2	3-amodCOLatt	1-conj
7-3	6-nmod	2-nmod
7-4	3-case	5-case
7-5	6-amodCOLmode	3-amod
7-6	11-root	1-conj
7-7	6-advmodCOLtlocy	6-advmod
7-8	9-det	9-det
7-9	6-dobj	6-nmod
7-10	6-punct	1-punct

8-0	1-punct	1-punct
8-1	3-root	3-root
8-2	1-punct	1-punct

9-0	1-nummod	1-nummod
9-1	5-nmod	5-nsubj
9-2	3-nummod	1-nummod
9-3	4-nmodCOLatt	2-nmod
9-4	5-dobj	3-nmod
9-5	22-root	22-root
9-6	5-punct	5-punct
9-7	9-dobj	5-nmod
9-8	9-nmodCOLobl	7-nmod
9-9	5-conj	5-conj
9-10	11-det	11-det
9-11	9-nmodCOLobl	9-nmod
9-12	5-punct	9-punct
9-13	20-advmodCOLtlocy	9-advmod
9-14	5-cc	9-cc
9-15	16-mark	16-mark
9-16	20-advcl	5-conj
9-17	16-aux	16-aux
9-18	20-punct	16-punct
9-19	20-advmodCOLmode	16-advmod
9-20	5-conj	16-conj
9-21	5-punct	5-punct

10-0	1-neg	1-advmod
10-1	13-root	13-root
10-2	1-punct	1-punct
10-3	4-amodCOLmode	1-conj
10-4	5-amodCOLatt	5-amod
10-5	7-nmod	1-nmod
10-6	5-case	7-case
10-7	1-ccompCOLobj	1-conj
10-8	7-advmodCOLtlocy	7-advmod
10-9	10-det	10-det
10-10	7-nsubj	7-nmod
10-11	7-advmodCOLlocy	7-advmod
10-12	1-punct	1-punct

11-0	4-mark	2-mark
11-1	3-det	2-det
11-2	3-amodCOLatt	3-amod
11-3	4-nmodCOLobl	4-nsubj
11-4	18-advcl	26-root
11-5	6-det	6-det
11-6	7-nmodCOLatt	4-nmod
11-7	10-amodCOLatt	6-amod
11-8	10-nummod	6-nummod
11-9	10-nmodCOLatt	8-nmod
11-10	4-nsubj	9-nmod
11-11	18-punct	4-punct
11-12	18-advmodCOLtlocy	4-advmod
11-13	18-advmodCOLmode	4-advmod
11-14	16-det	15-det
11-15	16-amodCOLatt	16-amod
11-16	18-nmod	4-nmod
11-17	16-case	18-case
11-18	26-root	4-conj
11-19	18-nsubj	18-nmod
11-20	22-det	21-det
11-21	22-amodCOLatt	22-amod
11-22	23-nmodCOLobl	18-nmod
11-23	24-amodCOLatt	22-amod
11-24	18-nmodCOLobl	23-nmod
11-25	18-punct	4-punct

12-0	2-det	1-det
12-1	2-amodCOLatt	2-amod
12-2	5-root	3-nmod
12-3	2-case	5-root
12-4	2-punct	3-punct

13-0	2-advmodCOLmode	1-advmod
13-1	2-advmodCOLmode	2-advmod
13-2	28-root	28-root
13-3	2-nsubj	2-nmod
13-4	5-name	3-nmod
13-5	2-dobj	4-nmod
13-6	2-punct	2-punct
13-7	17-nsubj	2-nmod
13-8	9-det	9-det
13-9	10-nmodCOLobl	7-nmod
13-10	12-amodCOLatt	9-amod
13-11	12-amodCOLatt	9-amod
13-12	14-nmodCOLatt	11-conj
13-13	14-amodCOLatt	14-amod
13-14	17-nmodCOLatt	2-nmod
13-15	17-cop	2-conj
13-16	17-det	17-det
13-17	5-acl	15-nmod
13-18	17-punct	15-punct
13-19	17-cc	15-cc
13-20	25-nsubj	15-nmod
13-21	25-advmodCOLtlocy	15-advmod
13-22	25-advmodCOLtlocy	15-advmod
13-23	24-det	24-det
13-24	25-amodCOLatt	15-amod
13-25	17-conj	26-amod
13-26	25-nmodCOLobl	15-nmod
13-27	2-punct	2-punct

14-0	1-det	1-det
14-1	5-nmodCOLobl	5-nsubj
14-2	3-name	1-nmod
14-3	4-nmodCOLatt	2-nmod
14-4	5-nsubj	1-nmod
14-5	9-root	9-root
14-6	7-det	7-det
14-7	5-dobj	5-nmod
14-8	5-punct	5-punct

15-0	1-det	1-det
15-1	2-nmodCOLobl	2-nmod
15-2	3-amodCOLatt	3-amod
15-3	13-dobj	13-nsubj
15-4	6-det	5-det
15-5	6-amodCOLatt	3-amod
15-6	9-nmodCOLatt	5-nmod
15-7	8-amodCOLatt	6-amod
15-8	9-amodCOLatt	6-amod
15-9	13-nsubj	8-nmod
15-10	9-cc	3-cc
15-11	12-amodCOLatt	3-amod
15-12	13-nmodCOLobl	11-nmod
15-13	15-root	15-root
15-14	13-punct	13-punct

16-0	6-cc	6-cc
16-1	3-punct	0-punct
16-2	3-appos	0-nmod
16-3	6-dobj	2-nmod
16-4	3-punct	3-punct
16-5	6-advmodCOLmode	6-advmod
16-6	10-root	10-root
16-7	8-det	8-det
16-8	6-nsubj	6-nmod
16-9	6-punct	6-punct

17-0	1-punct	1-punct
17-1	22-root	22-root
17-2	1-advmodCOLtlocy	1-advmod
17-3	4-det	4-det
17-4	1-dobj	1-nmod
17-5	1-punct	1-punct
17-6	7-det	7-det
17-7	8-nsubj	1-nmod
17-8	1-conj	1-conj
17-9	11-det	10-det
17-10	11-nmodCOLobl	8-nmod
17-11	8-dobj	10-nmod
17-12	8-punct	8-punct
17-13	20-mark	16-mark
17-14	16-det	15-det
17-15	16-amodCOLatt	16-amod
17-16	20-dobj	8-nmod
17-17	16-punct	8-punct
17-18	19-det	19-det
17-19	16-conj	8-nmod
17-20	8-advcl	8-conj
17-21	1-punct	1-punct

18-0	1-neg	1-advmod
18-1	19-root	19-root
18-2	3-det	3-det
18-3	4-nmodCOLatt	1-nmod
18-4	1-dobj	3-nmod
18-5	1-punct	1-punct
18-6	1-cc	1-cc
18-7	13-nsubj	1-nmod
18-8	7-cc	7-cc
18-9	7-conj	7-nmod
18-10	13-advmodCOLtlocy	1-advmod
18-11	12-advmodCOLmode	1-advmod
18-12	13-advmodCOLmode	1-advmod
18-13	1-conj	1-amod
18-14	13-advmodCOLlocy	13-advmod
18-15	13-punct	1-punct
18-16	17-mark	1-mark
18-17	12-advcl	1-nmod
18-18	1-punct	1-punct

19-0	23-ccompCOLobj	40-root
19-1	2-det	2-det
19-2	0-dobj	0-nmod
19-3	0-punct	0-punct
19-4	5-amodCOLatt	5-amod
19-5	0-conj	0-nmod
19-6	5-punct	0-punct
19-7	8-amodCOLatt	8-amod
19-8	5-conj	0-nmod
19-9	5-punct	8-punct
19-10	5-cc	0-cc
19-11	12-advmodCOLmode	0-advmod
19-12	13-amodCOLatt	13-amod
19-13	21-nmodCOLobl	0-nmod
19-14	13-case	0-case
19-15	21-punct	0-punct
19-16	18-mark	20-mark
19-17	18-det	18-det
19-18	11-advcl	16-nmod
19-19	21-punct	16-punct
19-20	21-advmodCOLmode	0-advmod
19-21	5-conj	0-ccomp
19-22	0-punct	21-punct
19-23	40-root	21-conj
19-24	25-amodCOLatt	25-amod
19-25	23-nmod	23-nmod
19-26	25-case	27-case
19-27	23-nsubj	25-nmod
19-28	23-punct	23-punct
19-29	31-nsubj	23-nmod
19-30	31-advmodCOLtlocy	23-advmod
19-31	27-acl	23-conj
19-32	31-punct	31-punct
19-33	38-mark	38-mark
19-34	38-advmodCOLtlocy	38-advmod
19-35	36-name	34-nmod
19-36	37-appos	38-nsubj
19-37	38-nmodCOLobl	36-nmod
19-38	31-advcl	31-conj
19-39	23-punct	0-punct

20-0	2-det	1-det
20-1	2-name	13-nsubj
20-2	3-nmodCOLatt	1-nmod
20-3	15-nmod	1-nmod
20-4	3-punct	3-punct
20-5	6-name	3-nmod
20-6	3-appos	5-nmod
20-7	3-cc	1-cc
20-8	9-det	9-det
20-9	10-dobj	1-nmod
20-10	11-amodCOLatt	9-amod
20-11	3-conj	10-nmod
20-12	3-case	13-case
20-13	14-amodCOLatt	14-amod
20-14	15-nsubj	15-nsubj
20-15	17-root	17-root
20-16	15-punct	15-punct

21-0	1-det	1-det
21-1	4-nsubj	4-nsubj
21-2	4-nmodCOLobl	1-nmod
21-3	2-case	4-mark
21-4	9-root	9-root
21-5	7-det	6-det
21-6	7-amodCOLatt	4-conj
21-7	4-nmodCOLobl	6-nmod
21-8	4-punct	4-punct

22-0	1-det	1-det
22-1	6-dobj	6-nsubj
22-2	5-det	3-det
22-3	4-name	1-nmod
22-4	5-name	3-nmod
22-5	6-nsubj	4-nmod
22-6	14-root	14-root
22-7	6-punct	6-punct
22-8	12-nsubj	6-nmod
22-9	12-advmodCOLtlocy	6-advmod
22-10	11-amodCOLatt	11-amod
22-11	12-nmodCOLobl	6-nmod
22-12	6-conj	11-acl
22-13	6-punct	6-punct

23-0	1-nmodCOLatt	3-nmod
23-1	6-root	0-nmod
23-2	1-punct	0-punct
23-3	4-nmodCOLatt	4-amod
23-4	5-nmodCOLatt	6-root
23-5	1-appos	4-nmod

24-0	13-punct	2-punct
24-1	3-nsubj	0-nmod
24-2	3-advmodCOLmode	3-advmod
24-3	13-ccompCOLobl	19-advcl
24-4	3-advmodCOLmode	3-advmod
24-5	3-punct	3-punct
24-6	9-mark	7-mark
24-7	8-amodCOLatt	8-amod
24-8	9-dobj	3-nmod
24-9	3-advcl	3-conj
24-10	9-nmodCOLobl	9-nmod
24-11	9-punct	9-punct
24-12	3-punct	9-punct
24-13	28-root	9-conj
24-14	13-nsubj	13-nmod
24-15	3-punct	14-punct
24-16	3-punct	13-punct
24-17	3-cc	13-cc
24-18	20-compoundCOLpreverb	19-advmod
24-19	3-conj	28-root
24-20	19-xcomp	19-conj
24-21	19-punct	20-punct
24-22	24-advmodCOLtlocy	20-advmod
24-23	24-neg	20-advmod
24-24	20-ccompCOLobj	23-nmod
24-25	26-det	26-det
24-26	24-nsubj	24-nmod
24-27	13-punct	19-punct

25-0	1-det	1-det
25-1	3-dobj	3-nsubj
25-2	3-advmodCOLmode	3-advmod
25-3	16-root	16-root
25-4	3-punct	3-punct
25-5	3-cc	3-cc
25-6	7-det	7-det
25-7	8-nmodCOLatt	3-nmod
25-8	12-nmodCOLobl	7-nmod
25-9	10-nmodCOLobl	8-nmod
25-10	11-amodCOLatt	11-amod
25-11	12-nmodCOLobl	3-nmod
25-12	3-conj	3-conj
25-13	14-det	14-det
25-14	12-dobj	12-nmod
25-15	3-punct	3-punct

26-0	3-amodCOLmode	3-amod
26-1	3-neg	0-advmod
26-2	3-advmodCOLmode	3-advmod
26-3	28-root	28-root
26-4	3-aux	3-auxpass
26-5	7-det	7-det
26-6	7-amodCOLatt	7-amod
26-7	9-nmodCOLatt	3-nmod
26-8	9-amodCOLatt	7-amod
26-9	3-nsubj	8-nmod
26-10	3-punct	3-punct
26-11	13-det	12-det
26-12	13-amodCOLatt	13-amod
26-13	16-nmodCOLobl	3-nmod
26-14	13-punct	3-punct
26-15	13-appos	3-nmod
26-16	3-parataxis	3-conj
26-17	20-det	28-det
26-18	20-amodCOLatt	28-root
26-19	20-amodCOLatt	18-conj
26-20	16-nsubj	19-nmod
26-21	16-punct	19-punct
26-22	16-nmodCOLobl	19-nmod
26-23	16-advmodCOLtlocy	19-advmod
26-24	26-det	25-det
26-25	26-amodCOLatt	18-conj
26-26	16-nmodCOLobl	25-nmod
26-27	3-punct	18-punct

27-0	1-det	1-det
27-1	3-nsubj	4-nsubj
27-2	3-name	1-nmod
27-3	23-root	2-nmod
27-4	3-cop	23-root
27-5	3-punct	4-punct
27-6	12-nsubj	4-nmod
27-7	10-det	8-det
27-8	10-amodCOLatt	6-amod
27-9	10-nummod	8-conj
27-10	12-nmodCOLobl	8-nmod
27-11	12-nmodCOLobl	10-nmod
27-12	3-acl	4-conj
27-13	12-compoundCOLpreverb	12-advmod
27-14	17-det	23-det
27-15	16-nmodCOLobl	23-root
27-16	17-amodCOLatt	15-conj
27-17	18-nmodCOLatt	16-nmod
27-18	12-nmod	17-nmod
27-19	18-case	21-case
27-20	21-det	21-det
27-21	12-dobj	18-nmod
27-22	3-punct	15-punct

28-0	1-det	1-det
28-1	4-nmodCOLatt	10-nsubj
28-2	3-nummod	1-nummod
28-3	4-amodCOLatt	1-amod
28-4	10-nsubj	3-nmod
28-5	10-amodCOLmode	4-amod
28-6	8-det	7-det
28-7	8-amodCOLatt	4-amod
28-8	10-nmod	4-amod
28-9	8-case	10-case
28-10	40-root	40-root
28-11	10-punct	10-punct
28-12	10-parataxis	10-conj
28-13	12-advmodCOLtlocy	12-advmod
28-14	12-dobj	12-nmod
28-15	10-punct	12-punct
28-16	10-cc	12-cc
28-17	18-nmodCOLobl	12-nmod
28-18	10-conj	12-conj
28-19	21-det	20-det
28-20	21-nmodCOLobl	18-nmod
28-21	18-nmod	20-nmod
28-22	21-case	23-case
28-23	18-nsubj	21-nmod
28-24	23-punct	23-punct
28-25	26-name	23-nmod
28-26	23-appos	25-nmod
28-27	23-cc	18-cc
28-28	29-nmodCOLatt	18-nmod
28-29	23-conj	28-nmod
28-30	23-cc	18-cc
28-31	32-amodCOLatt	32-amod
28-32	18-dobj	18-nmod
28-33	10-punct	18-punct
28-34	10-cc	18-cc
28-35	38-nmodCOLobl	18-nmod
28-36	38-nsubj	35-nmod
28-37	38-neg	18-advmod
28-38	10-conj	18-conj
28-39	10-punct	10-punct

29-0	2-advmodCOLmode	2-advmod
29-1	2-advmodCOLmode	2-advmod
29-2	24-root	24-root
29-3	2-aux	2-aux
29-4	2-punct	2-punct
29-5	9-advmodCOLtlocy	2-advmod
29-6	7-det	7-det
29-7	9-nmodCOLobl	2-nmod
29-8	9-advmodCOLlocy	2-advmod
29-9	2-advcl	2-ccomp
29-10	13-punct	9-punct
29-11	12-det	12-det
29-12	13-nmodCOLatt	9-nmod
29-13	9-parataxis	12-nmod
29-14	13-punct	9-punct
29-15	16-det	16-det
29-16	18-nmodCOLatt	9-nmod
29-17	18-amodCOLatt	16-amod
29-18	9-nsubj	17-nmod
29-19	18-punct	18-punct
29-20	21-name	18-nmod
29-21	18-appos	20-nmod
29-22	18-cc	2-cc
29-23	2-punct	2-punct

30-0	3-nsubj	3-nsubj
30-1	3-cc	0-cc
30-2	3-advmodCOLtlocy	3-advmod
30-3	21-root	21-root
30-4	3-punct	3-punct
30-5	6-neg	3-advmod
30-6	3-parataxis	3-conj
30-7	6-compoundCOLpreverb	6-advmod
30-8	12-det	9-det
30-9	12-nmodCOLobl	7-nmod
30-10	11-nummod	9-nummod
30-11	12-nmodCOLobl	10-nmod
30-12	14-amodCOLatt	11-amod
30-13	14-nummod	11-nummod
30-14	6-nmodCOLobl	13-nmod
30-15	6-punct	14-punct
30-16	17-name	14-nmod
30-17	19-nsubj	16-nmod
30-18	6-cc	17-cc
30-19	6-conj	6-advmod
30-20	3-punct	3-punct

31-0	3-det	40-det
31-1	3-amodCOLatt	40-root
31-2	3-amodCOLatt	1-conj
31-3	4-dobj	2-nmod
31-4	5-amodCOLatt	3-amod
31-5	11-dobj	4-nmod
31-6	5-cc	1-cc
31-7	11-advmodCOLtlocy	1-advmod
31-8	10-amodCOLatt	1-conj
31-9	10-amodCOLatt	1-conj
31-10	11-nmodCOLobl	9-nmod
31-11	40-root	1-conj
31-12	13-det	13-det
31-13	11-nmod	11-nmod
31-14	13-case	13-case
31-15	11-punct	11-punct
31-16	19-det	17-det
31-17	19-amodCOLatt	11-conj
31-18	19-amodCOLatt	19-amod
31-19	21-nmodCOLatt	11-nmod
31-20	21-amodCOLatt	19-amod
31-21	22-dobj	20-nmod
31-22	11-advmodCOLmode	26-advmod
31-23	22-nmodCOLobl	22-nmod
31-24	27-det	25-det
31-25	27-amodCOLatt	23-amod
31-26	27-amodCOLatt	21-amod
31-27	29-nmodCOLatt	26-nmod
31-28	29-name	27-nmod
31-29	11-nmod	27-nmod
31-30	29-punct	27-punct
31-31	29-cc	11-cc
31-32	37-det	34-det
31-33	35-advmodCOLmode	32-cc
31-34	35-nmodCOLobl	11-nmod
31-35	37-amodCOLatt	34-amod
31-36	37-name	35-nmod
31-37	29-conj	36-nmod
31-38	29-case	11-nmod
31-39	11-punct	1-punct

32-0	3-cc	1-cc
32-1	3-advmodCOLtlocy	2-advmod
32-2	3-neg	3-advmod
32-3	23-root	23-root
32-4	3-nsubj	3-nmod
32-5	3-punct	3-punct
32-6	10-nmodCOLobl	3-nmod
32-7	10-nsubj	6-nmod
32-8	9-nummod	7-nummod
32-9	10-nmodCOLobl	6-nmod
32-10	3-parataxis	3-advcl
32-11	10-compoundCOLpreverb	10-advmod
32-12	10-dobj	11-nmod
32-13	10-punct	10-punct
32-14	18-nsubj	10-nmod
32-15	17-advmodCOLmode	10-advmod
32-16	17-nummod	17-nummod
32-17	18-nmodCOLobl	10-nmod
32-18	9-acl	10-conj
32-19	18-advmodCOLlocy	18-nmod
32-20	21-amodCOLatt	18-conj
32-21	18-nmodCOLobl	20-nmod
32-22	3-punct	3-punct

33-0	8-nsubj	8-nmod
33-1	8-advmodCOLlocy	0-advmod
33-2	1-punct	1-punct
33-3	1-appos	1-nmod
33-4	5-det	5-det
33-5	7-nmodCOLatt	0-nmod
33-6	7-amodCOLatt	7-amod
33-7	8-dobj	0-nmod
33-8	11-root	11-root
33-9	8-advmodCOLmode	8-nmod
33-10	8-punct	8-punct

34-0	11-cc	2-cc
34-1	2-det	2-det
34-2	3-nmodCOLobl	11-nmod
34-3	5-amodCOLatt	2-amod
34-4	5-nummod	2-nummod
34-5	11-nsubj	4-nmod
34-6	11-neg	7-advmod
34-7	11-advmodCOLmode	2-advmod
34-8	10-det	9-det
34-9	10-amodCOLatt	2-amod
34-10	11-nmodCOLobl	2-nmod
34-11	23-root	23-root
34-12	13-nummod	13-nummod
34-13	14-nmodCOLobl	11-nmod
34-14	11-dobj	13-amod
34-15	11-punct	11-punct
34-16	11-cc	11-cc
34-17	18-amodCOLatt	11-conj
34-18	20-dobj	17-nmod
34-19	18-cc	20-cc
34-20	11-conj	11-conj
34-21	20-advmodCOLmode	20-nmod
34-22	11-punct	11-punct

35-0	7-punct	1-punct
35-1	7-nsubj	6-nmod
35-2	1-punct	1-punct
35-3	1-appos	1-nmod
35-4	1-cc	6-cc
35-5	7-advmodCOLmode	6-advmod
35-6	7-aux	7-aux
35-7	17-ccompCOLobj	29-root
35-8	10-det	9-det
35-9	10-nummod	7-nmod
35-10	7-nmodCOLobl	9-nmod
35-11	7-punct	7-punct
35-12	7-parataxis	7-conj
35-13	12-compoundCOLpreverb	12-advmod
35-14	12-nmodCOLobl	13-nmod
35-15	12-nmodCOLobl	14-nmod
35-16	7-punct	12-punct
35-17	29-root	12-conj
35-18	17-amodCOLmode	20-amod
35-19	20-det	20-det
35-20	17-nmod	17-nmod
35-21	20-case	23-case
35-22	23-det	23-det
35-23	26-nmodCOLobl	20-nmod
35-24	26-amodCOLmode	23-amod
35-25	26-nmodCOLobl	24-nmod
35-26	27-amodCOLatt	25-amod
35-27	17-nsubj	26-nmod
35-28	17-punct	7-punct

36-0	2-punct	1-punct
36-1	2-advmodCOLmode	2-advmod
36-2	4-root	4-root
36-3	2-punct	2-punct

37-0	2-det	1-det
37-1	2-amodCOLatt	2-amod
37-2	6-nsubj	6-nsubj
37-3	4-advmodCOLmode	4-advmod
37-4	6-advmodCOLmode	6-advmod
37-5	6-nmodCOLobl	4-nmod
37-6	28-root	28-root
37-7	6-punct	6-punct
37-8	26-mark	10-mark
37-9	13-det	10-det
37-10	11-amodCOLatt	28-root
37-11	13-amodCOLatt	10-conj
37-12	13-amodCOLatt	10-conj
37-13	26-nmodCOLobl	12-nmod
37-14	26-punct	10-punct
37-15	17-advmodCOLlocy	10-advmod
37-16	17-advmodCOLmode	10-advmod
37-17	13-acl	10-conj
37-18	17-amodCOLmode	17-conj
37-19	21-det	20-det
37-20	21-amodCOLatt	21-amod
37-21	17-nsubj	17-nmod
37-22	17-punct	17-punct
37-23	26-nsubj	17-nmod
37-24	23-cc	10-cc
37-25	26-advmodCOLlocy	10-advmod
37-26	6-ccompCOLobl	10-conj
37-27	6-punct	10-punct

38-0	14-cc	1-cc
38-1	5-mark	5-mark
38-2	5-advmodCOLtlocy	1-advmod
38-3	2-cc	5-cc
38-4	5-advmodCOLmode	5-advmod
38-5	14-advcl	24-root
38-6	5-punct	5-punct
38-7	5-cc	5-cc
38-8	5-conj	5-conj
38-9	10-det	10-det
38-10	8-nsubj	8-nmod
38-11	14-punct	8-punct
38-12	14-advmodCOLmode	8-advmod
38-13	14-neg	8-advmod
38-14	24-root	8-conj
38-15	16-det	16-det
38-16	14-nmodCOLobl	14-nmod
38-17	14-dobj	16-nmod
38-18	14-punct	14-punct
38-19	22-nmodCOLobl	14-nmod
38-20	21-det	21-det
38-21	22-advmodCOLmode	14-advmod
38-22	17-acl	14-conj
38-23	14-punct	5-punct

39-0	1-nmodCOLatt	3-nsubj
39-1	3-nsubj	0-nmod
39-2	3-advmodCOLmode	3-advmod
39-3	13-root	13-root
39-4	11-det	5-det
39-5	9-nmodCOLobl	3-nmod
39-6	9-advmodCOLtto	3-advmod
39-7	8-amodCOLatt	8-amod
39-8	9-dobj	3-nmod
39-9	11-amodCOLatt	8-amod
39-10	11-amodCOLatt	8-amod
39-11	3-nmodCOLobl	10-nmod
39-12	3-punct	3-punct

40-0	2-det	1-det
40-1	2-nmodCOLatt	11-dobj
40-2	11-nsubj	1-nmod
40-3	11-advmodCOLmode	4-advmod
40-4	9-det	5-det
40-5	6-advmodCOLmode	6-advmod
40-6	9-amodCOLatt	1-amod
40-7	9-amodCOLatt	1-amod
40-8	9-punct	7-punct
40-9	11-dobj	7-nmod
40-10	9-punct	9-punct
40-11	24-root	24-root
40-12	11-punct	11-punct
40-13	11-cc	11-cc
40-14	18-det	15-det
40-15	17-advmodCOLtlocy	11-advmod
40-16	17-advmodCOLtlocy	11-advmod
40-17	18-amodCOLatt	18-amod
40-18	19-nmodCOLobl	11-nmod
40-19	11-conj	11-conj
40-20	22-det	21-det
40-21	22-amodCOLatt	19-conj
40-22	19-dobj	21-nmod
40-23	11-punct	11-punct

41-0	8-mark	8-mark
41-1	8-advmodCOLtlocy	2-advmod
41-2	8-advmodCOLtlocy	4-advmod
41-3	6-det	4-det
41-4	5-nmodCOLatt	8-nsubj
41-5	6-amodCOLatt	4-amod
41-6	8-nsubj	5-nmod
41-7	6-cc	8-cc
41-8	23-root	23-root
41-9	8-punct	8-punct
41-10	8-cc	8-cc
41-11	13-det	12-det
41-12	13-amodCOLatt	13-amod
41-13	18-dobj	8-nmod
41-14	15-amodCOLatt	13-amod
41-15	18-nmodCOLobl	14-nmod
41-16	18-amodCOLmode	15-amod
41-17	18-amodCOLobl	15-amod
41-18	8-conj	8-conj
41-19	21-det	20-det
41-20	21-amodCOLatt	18-conj
41-21	18-nsubj	20-nmod
41-22	8-punct	8-punct

42-0	1-amodCOLmode	13-root
42-1	13-root	0-conj
42-2	1-nsubj	1-nmod
42-3	7-det	4-det
42-4	5-amodCOLatt	2-amod
42-5	7-nmodCOLatt	4-nmod
42-6	7-amodCOLatt	5-amod
42-7	9-nmodCOLatt	6-nmod
42-8	9-amodCOLatt	7-amod
42-9	1-nmodCOLobl	8-nmod
42-10	1-nmod	9-nmod
42-11	10-case	1-nmod
42-12	1-punct	0-punct

43-0	2-det	1-det
43-1	2-amodCOLatt	2-amod
43-2	5-nmodCOLobl	5-nsubj
43-3	5-nsubj	2-nmod
43-4	5-nmodCOLobl	3-nmod
43-5	7-root	7-root
43-6	5-punct	5-punct

44-0	3-det	1-det
44-1	3-amodCOLatt	8-amod
44-2	3-amodCOLatt	1-conj
44-3	4-nmodCOLobl	2-nmod
44-4	5-amodCOLatt	3-amod
44-5	8-nmodCOLobl	4-nmod
44-6	7-amodCOLatt	1-conj
44-7	8-nmodCOLobl	6-nmod
44-8	15-root	15-root
44-9	13-det	10-det
44-10	11-nummod	11-nummod
44-11	12-nmodCOLatt	8-nmod
44-12	13-amodCOLatt	11-amod
44-13	8-nsubj	12-nmod
44-14	8-punct	8-punct

45-0	1-det	1-det
45-1	8-nsubj	8-nsubj
45-2	4-det	4-det
45-3	4-amodCOLatt	4-amod
45-4	8-nmodCOLobl	1-nmod
45-5	6-nummod	4-nummod
45-6	7-amodCOLatt	1-amod
45-7	8-nmodCOLobl	6-nmod
45-8	25-root	25-root
45-9	8-compoundCOLpreverb	8-advmod
45-10	8-punct	8-punct
45-11	12-name	8-nmod
45-12	15-nsubj	11-nmod
45-13	14-nummod	12-nummod
45-14	15-dobj	12-nmod
45-15	8-conj	12-conj
45-16	15-punct	15-punct
45-17	19-det	18-det
45-18	19-det	19-det
45-19	12-remnant	15-nmod
45-20	19-punct	19-punct
45-21	22-name	19-nmod
45-22	19-appos	21-nmod
45-23	14-remnant	22-nummod
45-24	8-punct	8-punct

46-0	1-det	1-det
46-1	2-nmodCOLobl	11-root
46-2	4-amodCOLatt	1-amod
46-3	4-name	2-nmod
46-4	8-nsubj	3-nmod
46-5	8-cc	2-cc
46-6	7-det	7-det
46-7	8-nmodCOLobl	2-nmod
46-8	11-root	7-amod
46-9	8-dobj	7-amod
46-10	8-punct	1-punct

47-0	2-det	1-det
47-1	2-amodCOLatt	2-amod
47-2	7-nsubj	7-nmod
47-3	6-amodCOLatt	2-amod
47-4	3-punct	3-punct
47-5	3-conj	2-amod
47-6	7-nmodCOLobl	5-nmod
47-7	16-root	16-root
47-8	7-punct	7-punct
47-9	10-det	10-det
47-10	11-nmodCOLobl	7-nmod
47-11	7-conj	10-nmod
47-12	11-cop	7-ccomp
47-13	11-punct	12-punct
47-14	11-advmodCOLto	12-advmod
47-15	7-punct	7-punct

48-0	2-det	1-det
48-1	2-amodCOLatt	2-amod
48-2	3-nmodCOLobl	3-nsubj
48-3	35-root	26-advcl
48-4	19-det	5-det
48-5	17-advmodCOLmode	3-advmod
48-6	9-det	7-det
48-7	9-nummod	8-nummod
48-8	9-amodCOLatt	9-amod
48-9	16-nmodCOLatt	3-nmod
48-10	9-punct	3-punct
48-11	12-det	12-det
48-12	9-appos	3-nmod
48-13	12-cc	3-cc
48-14	15-det	15-det
48-15	12-conj	3-nmod
48-16	17-nmodCOLobl	15-nmod
48-17	19-amodCOLatt	16-amod
48-18	19-amodCOLatt	16-amod
48-19	3-nsubj	18-nmod
48-20	21-punct	21-punct
48-21	3-parataxis	19-nmod
48-22	21-punct	21-punct
48-23	3-punct	18-punct
48-24	3-cc	18-cc
48-25	26-nsubj	16-nmod
48-26	3-conj	35-root
48-27	26-xcomp	26-conj
48-28	30-det	29-det
48-29	30-amodCOLatt	27-conj
48-30	27-dobj	29-nmod
48-31	32-punct	32-punct
48-32	30-parataxis	30-nmod
48-33	32-punct	32-punct
48-34	3-punct	26-punct

49-0	5-nmodCOLatt	5-nsubj
49-1	0-cc	0-cc
49-2	3-name	0-nmod
49-3	0-conj	2-nmod
49-4	0-cc	0-cc
49-5	27-root	27-root
49-6	8-nmodCOLatt	5-conj
49-7	8-amodCOLatt	8-amod
49-8	5-dobj	5-nmod
49-9	5-punct	5-punct
49-10	11-det	13-det
49-11	12-nmodCOLatt	10-nmod
49-12	15-dobj	11-nmod
49-13	15-compoundCOLpreverb	5-advmod
49-14	15-advmodCOLmode	15-advmod
49-15	5-conj	5-conj
49-16	17-det	17-det
49-17	20-nmodCOLobl	15-nmod
49-18	19-amodCOLatt	17-amod
49-19	20-dobj	18-nmod
49-20	22-amodCOLatt	19-amod
49-21	22-amodCOLatt	19-amod
49-22	15-nsubj	21-nmod
49-23	22-punct	21-punct
49-24	25-name	21-nmod
49-25	22-appos	24-nmod
49-26	5-punct	5-punct

50-0	1-det	1-det
50-1	2-nsubj	2-nsubj
50-2	15-root	15-root
50-3	4-det	4-det
50-4	2-nmodCOLobl	2-nmod
50-5	2-punct	2-punct
50-6	2-cc	2-cc
50-7	10-det	8-det
50-8	9-nummod	9-nummod
50-9	10-amodCOLatt	2-conj
50-10	13-nsubj	9-nmod
50-11	10-cc	2-cc
50-12	13-nmodCOLobl	2-nmod
50-13	2-conj	2-conj
50-14	2-punct	2-punct

51-0	2-nmod	2-nmod
51-1	0-case	2-case
51-2	16-root	16-root
51-3	5-det	4-det
51-4	5-punct	2-punct
51-5	2-nsubj	2-nmod
51-6	5-punct	5-punct
51-7	5-punct	2-punct
51-8	11-det	9-det
51-9	10-nummod	10-nummod
51-10	11-amodCOLatt	2-conj
51-11	5-appos	10-nmod
51-12	13-punct	13-punct
51-13	2-parataxis	11-nmod
51-14	13-punct	13-punct
51-15	2-punct	2-punct

52-0	1-advmodCOLmode	1-advmod
52-1	27-root	27-root
52-2	3-det	3-det
52-3	4-nmodCOLatt	1-nmod
52-4	1-nsubj	3-nmod
52-5	4-punct	4-punct
52-6	4-appos	4-nmod
52-7	1-dobj	6-nmod
52-8	1-punct	1-punct
52-9	1-conj	1-conj
52-10	9-dobj	9-nmod
52-11	13-det	12-det
52-12	13-det	13-det
52-13	9-nmodCOLobl	10-nmod
52-14	9-punct	13-punct
52-15	10-remnant	13-amod
52-16	17-det	17-det
52-17	18-nmodCOLatt	15-nmod
52-18	13-remnant	17-nmod
52-19	18-case	18-case
52-20	9-punct	9-punct
52-21	24-advmodCOLtlocy	9-advmod
52-22	24-dobj	9-nmod
52-23	22-cc	24-cc
52-24	1-conj	1-conj
52-25	24-nsubj	24-nmod
52-26	1-punct	1-punct

53-0	2-cc	1-cc
53-1	2-advmodCOLtlocy	3-advmod
53-2	12-root	1-nmod
53-3	2-cc	10-cc
53-4	2-punct	3-punct
53-5	10-mark	10-mark
53-6	8-det	7-det
53-7	8-amodCOLatt	8-amod
53-8	10-nmodCOLobl	10-nsubj
53-9	10-nsubj	8-nmod
53-10	2-ccompCOLobj	12-root
53-11	2-punct	10-punct

54-0	3-nummod	2-nummod
54-1	0-cc	0-cc
54-2	0-conj	3-nummod
54-3	5-nmodCOLobl	9-nsubj
54-4	5-det	5-det
54-5	9-nmod	3-nmod
54-6	5-case	7-case
54-7	9-nsubj	5-nmod
54-8	9-nmodCOLobl	5-nmod
54-9	11-root	11-root
54-10	9-punct	9-punct

55-0	3-cc	2-cc
55-1	2-det	2-det
55-2	3-nsubj	3-nsubj
55-3	17-root	17-root
55-4	3-dobj	3-nmod
55-5	3-punct	3-punct
55-6	7-nummod	3-nmod
55-7	11-nmod	6-nmod
55-8	7-case	9-case
55-9	10-nummod	7-nummod
55-10	11-amodCOLobl	7-amod
55-11	3-conj	3-conj
55-12	11-dobj	11-nmod
55-13	14-punct	14-punct
55-14	11-parataxis	12-nmod
55-15	14-punct	14-punct
55-16	3-punct	3-punct

56-0	3-nmodCOLobl	3-nsubj
56-1	2-amodCOLatt	0-amod
56-2	3-nsubj	1-nmod
56-3	21-root	21-root
56-4	3-compoundCOLpreverb	3-advmod
56-5	6-det	6-det
56-6	7-nmodCOLatt	3-nmod
56-7	3-nmodCOLobl	6-nmod
56-8	3-punct	3-punct
56-9	11-nmod	3-nmod
56-10	9-case	11-mark
56-11	3-conj	3-conj
56-12	13-nummod	13-nummod
56-13	14-nmodCOLatt	11-nmod
56-14	15-amodCOLatt	15-amod
56-15	16-dobj	11-nmod
56-16	11-xcomp	11-conj
56-17	18-punct	16-punct
56-18	11-parataxis	16-nmod
56-19	18-punct	18-punct
56-20	3-punct	3-punct

57-0	1-amodCOLatt	1-amod
57-1	6-nsubj	6-nsubj
57-2	6-nmodCOLobl	1-nmod
57-3	6-nmodCOLobl	2-nmod
57-4	6-nmod	3-nmod
57-5	4-case	6-mark
57-6	14-root	14-root
57-7	6-nmodCOLobl	6-nmod
57-8	6-punct	7-punct
57-9	11-nmodCOLobl	7-nmod
57-10	11-nsubj	9-nmod
57-11	6-conj	6-conj
57-12	11-nmodCOLobl	11-nmod
57-13	6-punct	6-punct

58-0	1-nmodCOLatt	4-nsubj
58-1	4-nsubj	0-nmod
58-2	1-cc	3-cc
58-3	4-amodCOLmode	0-amod
58-4	18-root	18-root
58-5	6-det	6-det
58-6	4-nmodCOLobl	4-nmod
58-7	4-punct	4-punct
58-8	4-nmodCOLobl	4-nmod
58-9	4-punct	4-punct
58-10	4-parataxis	4-nmod
58-11	10-appos	10-nmod
58-12	10-punct	4-punct
58-13	16-nsubj	4-nmod
58-14	15-nummod	13-nummod
58-15	16-dobj	4-nmod
58-16	10-conj	4-conj
58-17	4-punct	4-punct

59-0	1-det	1-det
59-1	3-nmodCOLatt	10-nsubj
59-2	3-amodCOLatt	1-amod
59-3	18-nmodCOLobl	2-nmod
59-4	5-name	3-nmod
59-5	18-nsubj	4-nmod
59-6	18-punct	1-punct
59-7	10-dobj	1-nmod
59-8	10-advmodCOLmode	9-advmod
59-9	10-advmodCOLtlocy	10-advmod
59-10	5-acl	21-root
59-11	10-compoundCOLpreverb	18-mark
59-12	13-det	13-det
59-13	16-nmodCOLatt	11-nmod
59-14	16-amodCOLatt	13-amod
59-15	16-amodCOLatt	13-amod
59-16	10-nmodCOLobl	15-nmod
59-17	18-punct	11-punct
59-18	21-root	10-conj
59-19	18-nmodCOLobl	18-nmod
59-20	18-punct	10-punct

60-0	1-det	1-det
60-1	3-nmodCOLatt	2-nmod
60-2	3-amodCOLatt	3-amod
60-3	19-nsubj	18-nsubj
60-4	5-det	5-det
60-5	10-nmodCOLatt	3-nmod
60-6	10-nummod	5-nummod
60-7	8-amodCOLmode	5-amod
60-8	10-amodCOLatt	5-amod
60-9	10-nmodCOLatt	8-nmod
60-10	19-nmod	9-nmod
60-11	10-case	17-case
60-12	10-cc	17-cc
60-13	15-det	15-det
60-14	15-det	15-det
60-15	17-nmodCOLatt	16-nummod
60-16	17-det	17-det
60-17	19-nmodCOLobl	10-nmod
60-18	19-cop	29-root
60-19	29-root	18-conj
60-20	19-punct	18-punct
60-21	24-nsubj	18-nmod
60-22	24-advmodCOLmode	18-advmod
60-23	24-dobj	29-root
60-24	15-acl	23-conj
60-25	27-det	26-det
60-26	27-amodCOLatt	24-conj
60-27	24-nmodCOLobl	26-nmod
60-28	19-punct	23-punct

61-0	3-det	1-det
61-1	3-amodCOLatt	8-amod
61-2	3-name	1-nmod
61-3	12-nsubj	2-nmod
61-4	5-det	5-det
61-5	12-nmodCOLatt	3-nmod
61-6	5-punct	1-punct
61-7	8-det	8-det
61-8	5-conj	31-root
61-9	5-punct	8-punct
61-10	11-det	11-det
61-11	5-conj	8-nmod
61-12	31-root	11-amod
61-13	12-punct	8-punct
61-14	26-mark	15-advmod
61-15	18-det	17-det
61-16	18-amodCOLatt	17-amod
61-17	18-nummod	8-nummod
61-18	22-nmodCOLobl	17-nmod
61-19	20-det	20-det
61-20	21-nmodCOLatt	18-nmod
61-21	22-nmodCOLobl	20-nmod
61-22	24-amodCOLatt	21-amod
61-23	24-name	22-nmod
61-24	26-nsubj	23-nmod
61-25	26-det	26-det
61-26	12-advcl	24-conj
61-27	26-punct	8-punct
61-28	29-det	29-det
61-29	26-conj	8-nmod
61-30	12-punct	8-punct

62-0	1-det	1-det
62-1	2-nmodCOLatt	7-nsubj
62-2	10-nmodCOLobl	1-nmod
62-3	10-punct	1-punct
62-4	7-nsubj	1-nmod
62-5	7-nmodCOLobl	1-amod
62-6	5-cc	7-cc
62-7	2-acl	47-root
62-8	10-punct	7-punct
62-9	10-advmodCOLmode	7-advmod
62-10	47-root	7-conj
62-11	13-det	12-det
62-12	13-name	10-nmod
62-13	10-nsubj	12-nmod
62-14	10-punct	10-punct
62-15	20-nmodCOLobl	10-nmod
62-16	20-advmodCOLtlocy	10-advmod
62-17	18-det	18-det
62-18	20-nsubj	10-nmod
62-19	18-cc	10-cc
62-20	10-conj	47-root
62-21	20-cop	20-conj
62-22	23-det	23-det
62-23	25-nmodCOLatt	21-nmod
62-24	25-amodCOLatt	23-conj
62-25	26-nmodCOLobl	24-nmod
62-26	28-amodCOLatt	25-amod
62-27	28-name	26-nmod
62-28	20-nmod	27-nmod
62-29	28-case	27-case
62-30	10-punct	27-punct
62-31	10-cc	21-cc
62-32	33-det	33-det
62-33	34-nmodCOLatt	21-nmod
62-34	41-nmodCOLatt	33-nmod
62-35	41-nmod	34-nmod
62-36	35-cc	35-cc
62-37	35-conj	35-nmod
62-38	35-case	47-root
62-39	41-amodCOLatt	47-root
62-40	41-amodCOLatt	39-conj
62-41	43-nsubj	40-nmod
62-42	43-nmodCOLobl	41-nmod
62-43	10-conj	39-conj
62-44	45-det	45-det
62-45	43-nmodCOLobl	43-nmod
62-46	10-punct	39-punct

63-0	23-root	3-amod
63-1	0-punct	0-punct
63-2	8-advmodCOLmode	0-advmod
63-3	4-nummod	4-nummod
63-4	7-nmodCOLatt	8-nsubj
63-5	6-nummod	4-nummod
63-6	4-conj	4-nmod
63-7	8-nmodCOLobl	6-nmod
63-8	0-csubj	23-root
63-9	8-compoundCOLpreverb	23-root
63-10	8-dobj	9-nmod
63-11	12-det	12-det
63-12	13-nmodCOLatt	10-nmod
63-13	16-amodCOLatt	12-amod
63-14	16-amodCOLatt	12-amod
63-15	16-name	14-nmod
63-16	8-nmodCOLobl	15-nmod
63-17	18-punct	15-punct
63-18	8-parataxis	15-nmod
63-19	18-punct	18-punct
63-20	18-conj	18-nmod
63-21	18-punct	18-punct
63-22	0-punct	9-punct

64-0	1-advmodCOLtlocy	1-advmod
64-1	41-root	41-root
64-2	3-det	3-det
64-3	1-nsubj	1-nmod
64-4	5-det	5-det
64-5	1-nmodCOLobl	3-nmod
64-6	1-punct	1-punct
64-7	10-det	8-det
64-8	10-amodCOLatt	41-root
64-9	10-nmodCOLatt	8-nmod
64-10	3-appos	9-nmod
64-11	1-punct	8-punct
64-12	15-nsubj	8-nmod
64-13	14-amodCOLatt	8-conj
64-14	15-dobj	13-nmod
64-15	10-acl	8-conj
64-16	15-punct	15-punct
64-17	20-mark	26-mark
64-18	19-nmodCOLatt	19-nummod
64-19	20-nsubj	26-nsubj
64-20	15-advcl	19-nmod
64-21	22-nmodCOLatt	20-nmod
64-22	20-nmodCOLobl	21-nmod
64-23	20-punct	22-punct
64-24	20-cc	19-cc
64-25	26-nsubj	19-nmod
64-26	20-conj	15-conj
64-27	29-amodCOLatt	26-conj
64-28	29-nummod	26-nmod
64-29	26-nmodCOLobl	28-nmod
64-30	29-cc	26-cc
64-31	29-punct	26-punct
64-32	34-det	33-det
64-33	34-amodCOLatt	34-amod
64-34	29-appos	26-nmod
64-35	34-punct	26-punct
64-36	37-name	26-nmod
64-37	34-conj	36-nmod
64-38	34-cc	37-cc
64-39	34-conj	37-nmod
64-40	1-punct	8-punct

65-0	6-nsubj	6-nsubj
65-1	7-advmodCOLtlocy	2-advmod
65-2	3-advmodCOLtlocy	3-advmod
65-3	7-nmodCOLobl	0-nmod
65-4	6-punct	0-punct
65-5	7-nmodCOLobl	0-nmod
65-6	13-root	13-root
65-7	6-xcomp	6-ccomp
65-8	6-punct	7-punct
65-9	6-cc	7-cc
65-10	11-advmodCOLtlocy	7-advmod
65-11	3-remnant	7-advmod
65-12	6-punct	6-punct

66-0	3-det	2-det
66-1	3-amodCOLatt	2-amod
66-2	3-nummod	3-nummod
66-3	5-nmodCOLobl	5-nsubj
66-4	5-nsubj	3-nmod
66-5	17-root	17-root
66-6	5-punct	5-punct
66-7	9-advmodCOLtlocy	5-advmod
66-8	9-nmodCOLobl	5-nmod
66-9	5-conj	5-conj
66-10	9-dobj	9-nmod
66-11	9-punct	9-punct
66-12	9-cc	9-cc
66-13	8-remnant	9-nmod
66-14	15-advmodCOLmode	9-advmod
66-15	9-advmodCOLmode	9-advmod
66-16	5-punct	5-punct

67-0	1-amodCOLmode	10-amod
67-1	2-advmodCOLmode	0-advmod
67-2	18-root	0-conj
67-3	5-det	4-det
67-4	5-amodCOLatt	2-conj
67-5	2-nmodCOLobl	4-nmod
67-6	5-cc	0-cc
67-7	2-punct	0-punct
67-8	2-cc	0-cc
67-9	16-advmodCOLmode	0-advmod
67-10	11-nummod	11-nummod
67-11	16-nmod	16-nsubj
67-12	11-case	13-case
67-13	16-nmodCOLobl	11-nmod
67-14	13-punct	11-punct
67-15	13-conj	11-nmod
67-16	2-conj	18-root
67-17	2-punct	16-punct

68-0	1-dobj	7-nmod
68-1	2-amodCOLatt	0-amod
68-2	21-nmodCOLobl	1-nmod
68-3	4-punct	2-punct
68-4	2-parataxis	2-nummod
68-5	4-punct	4-punct
68-6	2-punct	1-punct
68-7	8-amodCOLatt	8-amod
68-8	2-conj	21-nsubj
68-9	8-parataxis	8-nummod
68-10	2-punct	8-punct
68-11	2-cc	8-cc
68-12	14-compoundCOLpreverb	13-advmod
68-13	14-neg	14-advmod
68-14	15-amodCOLatt	8-amod
68-15	2-conj	14-nmod
68-16	17-punct	15-punct
68-17	15-parataxis	15-nummod
68-18	17-punct	8-punct
68-19	2-cc	21-cc
68-20	21-dobj	21-det
68-21	31-root	31-root
68-22	21-nmodCOLobl	21-nmod
68-23	21-punct	21-punct
68-24	29-nsubj	21-nmod
68-25	26-det	26-det
68-26	29-amodCOLobl	24-amod
68-27	28-advmodCOLmode	21-advmod
68-28	29-dobj	21-nummod
68-29	22-acl	21-conj
68-30	21-punct	21-punct

69-0	38-punct	1-punct
69-1	38-ccompCOLobj	41-root
69-2	1-punct	1-punct
69-3	5-mark	5-mark
69-4	5-nsubj	5-nsubj
69-5	1-ccompCOLobj	1-conj
69-6	8-nmodCOLobl	5-nmod
69-7	8-dobjCOLlvc	5-nmod
69-8	5-xcomp	5-conj
69-9	10-det	10-det
69-10	8-nmodCOLobl	8-nmod
69-11	1-punct	8-punct
69-12	14-mark	13-mark
69-13	14-amodCOLmode	38-ccomp
69-14	5-advcl	13-conj
69-15	14-punct	14-punct
69-16	1-cc	14-cc
69-17	18-mark	18-mark
69-18	22-advcl	14-conj
69-19	20-det	20-det
69-20	18-dobj	18-nmod
69-21	22-punct	18-punct
69-22	1-conj	18-conj
69-23	24-det	24-det
69-24	22-dobj	22-nmod
69-25	1-punct	22-punct
69-26	1-cc	22-cc
69-27	28-nmodCOLobl	22-nmod
69-28	1-conj	22-conj
69-29	28-punct	28-punct
69-30	33-mark	32-mark
69-31	32-advmodCOLmode	32-advmod
69-32	33-advmodCOLmode	28-advmod
69-33	28-ccompCOLobl	28-conj
69-34	33-compoundCOLpreverb	33-advmod
69-35	36-det	36-det
69-36	33-dobj	33-nmod
69-37	1-punct	33-punct
69-38	41-root	1-advcl
69-39	38-nsubj	38-nmod
69-40	38-punct	1-punct

70-0	5-punct	1-punct
70-1	5-nsubj	2-nsubj
70-2	4-advmodCOLmode	3-advmod
70-3	4-nummod	4-nummod
70-4	5-dobj	5-nsubj
70-5	27-root	27-root
70-6	9-det	8-det
70-7	9-amodCOLatt	8-amod
70-8	9-nummod	5-nmod
70-9	5-nmodCOLobl	8-nmod
70-10	5-punct	5-punct
70-11	5-conj	5-conj
70-12	5-punct	11-punct
70-13	15-mark	14-mark
70-14	15-nsubj	11-nmod
70-15	11-ccompCOLobj	11-conj
70-16	17-nummod	15-nmod
70-17	15-nmod	16-nmod
70-18	17-case	17-case
70-19	15-punct	15-punct
70-20	22-det	21-det
70-21	22-amodCOLatt	22-amod
70-22	23-nmodCOLatt	15-nmod
70-23	25-nmodCOLobl	22-nmod
70-24	25-advmodCOLmode	15-advmod
70-25	5-conj	15-conj
70-26	5-punct	5-punct

71-0	17-root	17-root
71-1	2-det	2-det
71-2	3-nmodCOLobl	0-nmod
71-3	0-xcomp	0-conj
71-4	5-det	5-det
71-5	3-dobj	3-nmod
71-6	0-punct	3-punct
71-7	0-cc	3-cc
71-8	10-advmodCOLmode	3-advmod
71-9	10-neg	3-advmod
71-10	0-conj	3-conj
71-11	10-advmodCOLmode	10-advmod
71-12	10-punct	0-punct
71-13	15-mark	14-mark
71-14	15-advmodCOLmode	0-conj
71-15	11-advcl	14-nmod
71-16	0-punct	0-punct

72-0	2-det	2-det
72-1	2-det	2-det
72-2	3-nmodCOLobl	4-nsubj
72-3	6-root	2-amod
72-4	3-cop	6-root
72-5	3-punct	4-punct

73-0	2-nsubj	2-nsubj
73-1	2-dobj	0-nmod
73-2	14-root	14-root
73-3	2-iobj	2-nmod
73-4	2-advmodCOLtlocy	2-advmod
73-5	2-punct	2-punct
73-6	8-advmodCOLmode	2-advmod
73-7	8-nsubj	6-nmod
73-8	2-advcl	2-conj
73-9	8-iobj	8-nmod
73-10	12-det	11-det
73-11	12-amodCOLatt	8-conj
73-12	8-nmodCOLobl	11-nmod
73-13	2-punct	2-punct

74-0	4-punct	2-punct
74-1	4-nsubj	0-nmod
74-2	3-advmodCOLmode	3-advmod
74-3	4-advmodCOLmode	4-advmod
74-4	24-parataxis	18-advcl
74-5	4-compoundCOLpreverb	4-advmod
74-6	7-det	7-det
74-7	4-dobj	4-nmod
74-8	4-punct	4-punct
74-9	10-advmodCOLmode	4-advmod
74-10	4-conj	4-conj
74-11	10-punct	10-punct
74-12	4-cc	10-cc
74-13	15-advmodCOLtlocy	10-advmod
74-14	15-nmodCOLobl	10-nmod
74-15	17-advcl	10-conj
74-16	17-punct	15-punct
74-17	4-conj	4-amod
74-18	17-cop	29-root
74-19	17-xcomp	18-conj
74-20	21-det	21-det
74-21	19-dobj	19-nmod
74-22	4-punct	19-punct
74-23	24-advmodCOLmode	19-advmod
74-24	29-root	19-conj
74-25	27-det	26-det
74-26	27-amodCOLatt	27-amod
74-27	24-nsubj	24-nmod
74-28	24-punct	18-punct

75-0	5-punct	2-punct
75-1	3-det	2-det
75-2	3-amodCOLatt	3-amod
75-3	5-nmodCOLobl	5-nsubj
75-4	3-cc	5-cc
75-5	25-root	25-root
75-6	5-punct	5-punct
75-7	8-mark	8-mark
75-8	5-advcl	5-conj
75-9	8-punct	8-punct
75-10	12-neg	8-advmod
75-11	12-advmodCOLmode	8-advmod
75-12	8-ccompCOLobj	8-conj
75-13	14-det	14-det
75-14	12-nsubj	12-nmod
75-15	12-punct	8-punct
75-16	12-cc	8-cc
75-17	19-det	18-det
75-18	19-amodCOLatt	8-conj
75-19	22-dobj	18-nmod
75-20	19-cc	8-cc
75-21	22-amodCOLmode	25-root
75-22	12-conj	21-conj
75-23	22-compoundCOLpreverb	22-advmod
75-24	5-punct	21-punct

76-0	3-advmodCOLtlocy	1-advmod
76-1	3-amodCOLmode	7-root
76-2	3-punct	1-punct
76-3	7-root	1-conj
76-4	3-punct	3-punct
76-5	3-dobj	3-nmod
76-6	3-punct	1-punct

77-0	18-nmodCOLobl	22-root
77-1	4-det	2-det
77-2	3-compound	3-nummod
77-3	4-nummod	4-nummod
77-4	6-nmod	0-nmod
77-5	4-case	7-case
77-6	8-amodCOLatt	7-amod
77-7	8-name	4-nmod
77-8	18-nsubj	7-nmod
77-9	8-punct	8-punct
77-10	11-name	8-nmod
77-11	8-conj	10-nmod
77-12	8-cc	11-cc
77-13	14-nmodCOLatt	12-nmod
77-14	8-conj	13-nmod
77-15	14-punct	8-punct
77-16	17-name	8-nmod
77-17	14-appos	16-nmod
77-18	22-root	8-conj
77-19	20-det	20-det
77-20	18-advmodCOLmode	18-advmod
77-21	18-punct	0-punct

78-0	1-advmodCOLtlocy	1-advmod
78-1	5-root	5-root
78-2	3-nmodCOLobl	1-nmod
78-3	1-xcomp	1-conj
78-4	1-punct	1-punct

79-0	3-det	1-det
79-1	2-name	7-nsubj
79-2	3-name	1-nmod
79-3	7-nmodCOLobl	2-nmod
79-4	7-punct	1-punct
79-5	7-nmodCOLobl	1-nmod
79-6	7-nmodCOLobl	1-nmod
79-7	47-root	47-root
79-8	7-compoundCOLpreverb	15-advmod
79-9	10-name	8-nmod
79-10	11-nmodCOLatt	9-nmod
79-11	7-nsubj	10-nmod
79-12	7-punct	8-punct
79-13	16-det	14-det
79-14	15-nummod	15-nummod
79-15	16-amodCOLatt	7-conj
79-16	21-nmod	15-nmod
79-17	16-case	19-case
79-18	19-amodCOLatt	19-amod
79-19	20-nmodCOLobl	16-nmod
79-20	21-amodCOLatt	21-amod
79-21	7-parataxis	7-nmod
79-22	21-cc	7-cc
79-23	24-det	24-det
79-24	21-conj	7-nmod
79-25	21-punct	7-punct
79-26	21-cc	7-cc
79-27	28-name	7-nmod
79-28	30-nmodCOLatt	27-nmod
79-29	30-amodCOLatt	30-amod
79-30	34-nmodCOLatt	7-nmod
79-31	32-amodCOLatt	30-amod
79-32	33-nmodCOLobl	31-nmod
79-33	34-amodCOLatt	32-amod
79-34	21-conj	33-nmod
79-35	21-punct	34-punct
79-36	43-nmodCOLatt	34-nmod
79-37	36-punct	36-punct
79-38	39-name	36-nmod
79-39	36-appos	38-nmod
79-40	41-amodCOLatt	36-amod
79-41	42-nmodCOLobl	40-nmod
79-42	43-amodCOLatt	43-amod
79-43	21-conj	41-nmod
79-44	45-det	45-det
79-45	21-nsubj	43-nmod
79-46	7-punct	7-punct

80-0	1-det	1-det
80-1	2-nmodCOLobl	2-nsubj
80-2	34-root	34-root
80-3	2-punct	2-punct
80-4	30-mark	19-mark
80-5	6-name	19-nsubj
80-6	30-dobj	5-nmod
80-7	13-nmodCOLatt	5-nmod
80-8	7-cc	7-cc
80-9	7-conj	7-nmod
80-10	9-punct	9-punct
80-11	12-name	9-nmod
80-12	7-appos	11-nmod
80-13	30-nmodCOLobl	12-nmod
80-14	13-punct	13-punct
80-15	13-cc	13-cc
80-16	20-det	17-det
80-17	19-advmodCOLtlocy	18-advmod
80-18	19-advmodCOLmode	19-advmod
80-19	20-amodCOLatt	20-amod
80-20	13-conj	2-nmod
80-21	20-case	24-case
80-22	24-det	23-det
80-23	24-amodCOLatt	24-amod
80-24	30-nsubj	20-nmod
80-25	26-neg	2-advmod
80-26	30-amodCOLmode	2-amod
80-27	28-nummod	26-conj
80-28	29-nmodCOLatt	26-nmod
80-29	30-nmodCOLobl	28-nmod
80-30	2-csubj	2-conj
80-31	32-advmodCOLtlocy	30-advmod
80-32	30-nmodCOLobl	30-nmod
80-33	2-punct	2-punct

81-0	1-det	1-det
81-1	4-nsubj	4-nsubj
81-2	1-cc	1-cc
81-3	1-conj	1-nmod
81-4	6-root	6-root
81-5	4-punct	4-punct

82-0	2-det	1-det
82-1	2-name	12-nsubj
82-2	12-nsubj	1-nmod
82-3	4-det	4-det
82-4	12-nmodCOLobl	2-nmod
82-5	8-amodCOLatt	4-amod
82-6	5-cc	5-cc
82-7	5-conj	4-amod
82-8	12-nmod	7-nmod
82-9	8-case	10-case
82-10	12-nmodCOLobl	8-nmod
82-11	10-case	12-mark
82-12	29-root	29-root
82-13	14-det	14-det
82-14	12-dobj	12-nmod
82-15	12-punct	12-punct
82-16	12-cc	12-cc
82-17	18-amodCOLatt	18-amod
82-18	19-nmodCOLatt	12-nmod
82-19	24-nmodCOLobl	18-nmod
82-20	19-punct	12-punct
82-21	22-amodCOLatt	22-amod
82-22	23-nmodCOLatt	12-nmod
82-23	19-conj	22-nmod
82-24	12-conj	12-conj
82-25	27-det	26-det
82-26	27-amodCOLatt	24-conj
82-27	24-dobj	26-nmod
82-28	12-punct	12-punct

83-0	6-advmodCOLtlocy	5-advmod
83-1	4-det	2-det
83-2	3-name	0-nmod
83-3	4-name	2-nmod
83-4	6-nsubj	3-nmod
83-5	6-dobjCOLlvc	6-nmod
83-6	20-root	20-root
83-7	8-name	6-nmod
83-8	6-nmod	7-nmod
83-9	8-case	10-case
83-10	11-name	8-nmod
83-11	13-nmodCOLatt	10-nmod
83-12	13-amodCOLatt	13-amod
83-13	14-nmodCOLatt	6-nmod
83-14	6-nmod	13-nmod
83-15	14-cc	14-cc
83-16	17-nmodCOLatt	14-nmod
83-17	14-conj	16-nmod
83-18	14-case	6-nmod
83-19	6-punct	6-punct

84-0	2-det	1-det
84-1	2-nummod	2-nummod
84-2	4-dobj	4-nsubj
84-3	4-amodCOLmode	2-amod
84-4	8-root	8-root
84-5	6-det	6-det
84-6	4-nsubj	4-nmod
84-7	4-punct	4-punct

85-0	1-det	1-det
85-1	14-nmod	14-nsubj
85-2	1-case	3-case
85-3	4-name	1-nmod
85-4	14-nsubj	3-nmod
85-5	4-cc	4-cc
85-6	7-name	4-nmod
85-7	4-conj	6-nmod
85-8	10-det	9-det
85-9	10-amodCOLatt	1-amod
85-10	11-nmodCOLatt	9-nmod
85-11	14-nmodCOLobl	10-nmod
85-12	13-det	13-det
85-13	14-dobj	11-nmod
85-14	18-root	18-root
85-15	14-compoundCOLpreverb	14-advmod
85-16	14-advmodCOLmode	14-advmod
85-17	14-punct	14-punct

86-0	1-name	4-nsubj
86-1	4-nsubj	0-nmod
86-2	4-nmodCOLobl	0-nummod
86-3	4-dobjCOLlvc	0-nmod
86-4	15-root	15-root
86-5	7-det	6-det
86-6	7-amodCOLatt	7-amod
86-7	4-nmodCOLobl	4-nmod
86-8	4-punct	4-punct
86-9	10-nmodCOLobl	4-nmod
86-10	4-advcl	4-conj
86-11	12-det	12-det
86-12	10-nmod	10-nmod
86-13	12-case	10-nmod
86-14	4-punct	4-punct

87-0	1-amodCOLatt	1-amod
87-1	5-nsubj	5-nsubj
87-2	1-punct	1-punct
87-3	4-name	1-nmod
87-4	1-appos	3-nmod
87-5	7-root	7-root
87-6	5-punct	5-punct

88-0	22-advmodCOLtlocy	3-advmod
88-1	22-nsubj	0-nmod
88-2	5-punct	0-punct
88-3	4-nmodCOLobl	4-nmod
88-4	5-amodCOLatt	5-amod
88-5	22-parataxis	9-nsubj
88-6	5-punct	5-punct
88-7	9-mark	8-mark
88-8	9-nsubj	5-nmod
88-9	5-ccompCOLobl	26-root
88-10	9-punct	9-punct
88-11	12-advmodCOLmode	9-advmod
88-12	9-ccompCOLobj	9-conj
88-13	12-compoundCOLpreverb	12-advmod
88-14	12-advmodCOLtlocy	15-advmod
88-15	12-nmodCOLobl	17-nummod
88-16	18-det	17-det
88-17	18-amodCOLatt	12-conj
88-18	12-dobj	17-nmod
88-19	5-punct	17-punct
88-20	21-nummod	21-nummod
88-21	22-nmodCOLobl	12-nmod
88-22	26-root	9-conj
88-23	24-name	22-nmod
88-24	22-dobj	23-nmod
88-25	22-punct	9-punct

89-0	1-det	1-det
89-1	6-dobj	6-nsubj
89-2	6-nmod	1-nmod
89-3	2-case	5-case
89-4	5-det	5-det
89-5	6-nmodCOLobl	1-nmod
89-6	18-root	18-root
89-7	6-punct	6-punct
89-8	15-advmodCOLtfrom	6-advmod
89-9	10-det	10-det
89-10	15-nsubj	6-nmod
89-11	15-advmodCOLmode	6-advmod
89-12	14-det	13-det
89-13	14-amodCOLatt	14-amod
89-14	15-nmodCOLobl	6-nmod
89-15	6-advcl	6-conj
89-16	15-compoundCOLpreverb	15-advmod
89-17	6-punct	6-punct

90-0	1-name	2-nsubj
90-1	2-nmodCOLobl	0-nmod
90-2	6-amodCOLmode	4-amod
90-3	4-det	4-det
90-4	6-nsubj	6-nsubj
90-5	6-dobj	4-nmod
90-6	24-root	24-root
90-7	6-punct	6-punct
90-8	15-mark	15-mark
90-9	11-det	10-det
90-10	11-nummod	11-nummod
90-11	15-nsubj	15-nsubj
90-12	15-nmodCOLobl	11-nmod
90-13	12-punct	11-punct
90-14	12-appos	11-nmod
90-15	6-ccompCOLobj	6-conj
90-16	18-det	17-det
90-17	18-amodCOLatt	18-amod
90-18	19-nmodCOLobl	15-nmod
90-19	22-amodCOLatt	18-amod
90-20	21-nummod	19-nummod
90-21	22-amodCOLatt	18-amod
90-22	15-nmodCOLobl	21-nmod
90-23	6-punct	6-punct

91-0	9-root	9-root
91-1	0-punct	0-punct
91-2	0-ccompCOLobj	0-conj
91-3	2-cc	2-cc
91-4	5-dobj	2-nmod
91-5	2-conj	2-conj
91-6	7-amodCOLobl	5-conj
91-7	5-nmodCOLobl	6-nmod
91-8	0-punct	0-punct

92-0	1-det	1-det
92-1	10-dobj	5-nsubj
92-2	5-punct	5-punct
92-3	5-advmodCOLtlocy	5-mark
92-4	5-nmodCOLobl	5-nsubj
92-5	10-parataxis	21-root
92-6	5-nmodCOLobl	5-nmod
92-7	5-punct	6-punct
92-8	9-nmodCOLatt	6-nmod
92-9	10-nmodCOLobl	6-nmod
92-10	21-root	5-advcl
92-11	10-punct	10-punct
92-12	10-cc	10-cc
92-13	10-conj	10-conj
92-14	19-det	15-det
92-15	16-name	13-nmod
92-16	18-nmod	15-nmod
92-17	16-case	18-case
92-18	19-amodCOLatt	13-conj
92-19	13-nmodCOLobl	18-nmod
92-20	10-punct	5-punct

93-0	1-advmodCOLlocy	1-advmod
93-1	9-root	9-root
93-2	1-punct	1-punct
93-3	1-cc	1-cc
93-4	5-det	5-det
93-5	7-nmodCOLobl	1-nmod
93-6	7-nmodCOLobl	5-nmod
93-7	1-conj	1-conj
93-8	1-punct	1-punct

94-0	1-name	4-nsubj
94-1	4-nsubj	0-nmod
94-2	4-advmodCOLtfrom	3-advmod
94-3	4-neg	4-advmod
94-4	7-root	7-root
94-5	4-compoundCOLpreverb	4-advmod
94-6	4-punct	4-punct

95-0	2-det	1-det
95-1	2-nummod	2-nummod
95-2	6-nsubj	6-nsubj
95-3	5-advmodCOLtlocy	2-nmod
95-4	5-advmodCOLtlocy	5-advmod
95-5	6-advmodCOLtlocy	6-advmod
95-6	18-root	18-root
95-7	8-det	8-det
95-8	9-nmodCOLatt	6-nmod
95-9	6-dobj	8-nmod
95-10	6-punct	9-punct
95-11	6-cc	6-cc
95-12	13-compound	13-nummod
95-13	14-nummod	14-nummod
95-14	15-nmodCOLatt	6-nmod
95-15	16-dobj	14-nmod
95-16	6-conj	6-conj
95-17	6-punct	6-punct

96-0	1-nummod	1-nummod
96-1	3-nmodCOLobl	3-nsubj
96-2	3-advmodCOLtlocy	3-advmod
96-3	17-root	17-root
96-4	3-punct	3-punct
96-5	6-nmodCOLobl	3-nmod
96-6	3-conj	3-conj
96-7	8-det	8-det
96-8	6-nmodCOLobl	6-nmod
96-9	10-nmodCOLatt	8-nmod
96-10	6-dobj	9-nmod
96-11	6-punct	3-punct
96-12	13-mark	13-mark
96-13	6-advcl	3-conj
96-14	15-det	15-det
96-15	13-nsubj	13-nmod
96-16	3-punct	3-punct

97-0	2-det	1-det
97-1	2-amodCOLatt	2-amod
97-2	7-dobj	7-nsubj
97-3	7-advmodCOLtlocy	2-nmod
97-4	5-compound	2-nummod
97-5	6-nummod	2-nummod
97-6	7-nmodCOLobl	2-nmod
97-7	23-root	23-root
97-8	7-punct	7-punct
97-9	7-cc	7-cc
97-10	12-det	11-det
97-11	12-amodCOLatt	12-amod
97-12	14-nmodCOLobl	7-nmod
97-13	14-neg	7-advmod
97-14	7-conj	7-conj
97-15	14-compoundCOLpreverb	14-advmod
97-16	14-punct	14-punct
97-17	21-advmodCOLtlocy	14-advmod
97-18	21-advmodCOLtlocy	14-advmod
97-19	21-neg	14-advmod
97-20	21-advmodCOLmode	21-advmod
97-21	7-conj	14-conj
97-22	7-punct	7-punct

98-0	1-name	12-nsubj
98-1	6-nsubj	0-nmod
98-2	5-det	12-det
98-3	5-amodCOLatt	12-nsubj
98-4	5-amodCOLatt	3-conj
98-5	6-nmodCOLobl	4-nmod
98-6	20-root	3-conj
98-7	6-punct	6-punct
98-8	10-mark	9-mark
98-9	10-neg	6-advmod
98-10	6-ccompCOLobj	3-conj
98-11	12-dobjCOLlvc	10-nmod
98-12	10-xcomp	20-root
98-13	10-punct	12-punct
98-14	10-cc	12-cc
98-15	16-neg	12-advmod
98-16	10-conj	12-conj
98-17	16-dobj	16-nmod
98-18	16-amodCOLobl	16-conj
98-19	6-punct	12-punct

99-0	1-det	1-det
99-1	6-nmod	6-nsubj
99-2	1-case	3-case
99-3	4-nmodCOLatt	1-nmod
99-4	6-nmodCOLobl	3-nmod
99-5	6-nsubj	4-nmod
99-6	11-root	11-root
99-7	9-det	8-det
99-8	9-amodCOLatt	6-conj
99-9	6-nmodCOLobl	8-nmod
99-10	6-punct	6-punct

100-0	1-name	8-nsubj
100-1	9-nmodCOLatt	0-nmod
100-2	1-punct	0-punct
100-3	5-nmod	0-nmod
100-4	3-case	6-case
100-5	6-amodCOLatt	6-amod
100-6	1-appos	3-nmod
100-7	8-nmodCOLobl	6-nmod
100-8	9-amodCOLatt	9-amod
100-9	10-nmodCOLobl	10-nsubj
100-10	41-root	41-root
100-11	13-det	12-det
100-12	13-name	10-nmod
100-13	10-nsubj	12-nmod
100-14	10-nmodCOLobl	13-nmod
100-15	18-det	16-det
100-16	18-amodCOLatt	14-amod
100-17	18-amodCOLatt	14-amod
100-18	10-nmodCOLobl	17-nmod
100-19	10-punct	10-punct
100-20	21-nmodCOLatt	10-nmod
100-21	25-nsubj	20-nmod
100-22	25-det	23-det
100-23	24-name	21-nmod
100-24	25-name	23-nmod
100-25	18-acl	24-nmod
100-26	25-punct	10-punct
100-27	30-det	28-det
100-28	29-name	10-nmod
100-29	30-name	28-nmod
100-30	25-conj	29-nmod
100-31	32-punct	30-punct
100-32	30-appos	30-nmod
100-33	32-punct	32-punct
100-34	25-cc	32-cc
100-35	36-name	32-nmod
100-36	38-appos	35-nmod
100-37	38-amodCOLatt	38-amod
100-38	25-conj	10-nmod
100-39	25-cop	10-conj
100-40	10-punct	10-punct

101-0	1-name	5-nsubj
101-1	2-name	0-nmod
101-2	5-dobj	1-nmod
101-3	4-nmodCOLatt	2-nummod
101-4	5-nmodCOLobl	0-nmod
101-5	12-root	12-root
101-6	5-compoundCOLpreverb	5-advmod
101-7	8-amodCOLatt	8-amod
101-8	5-nmodCOLobl	5-nmod
101-9	5-nmod	8-nmod
101-10	9-case	5-nmod
101-11	5-punct	5-punct

102-0	3-det	1-det
102-1	2-name	10-nsubj
102-2	3-name	1-nmod
102-3	4-nmodCOLatt	2-nmod
102-4	10-nmodCOLobl	3-nmod
102-5	4-case	6-case
102-6	10-advmodCOLtlocy	7-advmod
102-7	8-nummod	1-nummod
102-8	9-nmodCOLobl	7-nmod
102-9	10-advmodCOLtlocy	10-advmod
102-10	39-root	39-root
102-11	10-nsubj	10-nmod
102-12	10-punct	10-punct
102-13	14-nmodCOLatt	10-nmod
102-14	15-nmodCOLobl	10-nmod
102-15	10-conj	10-conj
102-16	18-det	18-det
102-17	18-det	18-det
102-18	15-nmodCOLobllvc	15-nmod
102-19	15-punct	15-punct
102-20	36-mark	15-cc
102-21	22-name	15-nmod
102-22	23-name	21-nmod
102-23	36-nsubj	22-nmod
102-24	25-det	25-det
102-25	26-nmodCOLobl	23-nmod
102-26	27-amodCOLatt	25-amod
102-27	28-nmodCOLatt	26-nmod
102-28	36-nmodCOLobl	27-nmod
102-29	28-cc	28-cc
102-30	31-amodCOLatt	28-amod
102-31	32-nmodCOLatt	30-nmod
102-32	28-conj	31-nmod
102-33	32-cc	32-cc
102-34	32-conj	32-nmod
102-35	32-case	36-case
102-36	15-ccompCOLobl	34-amod
102-37	36-nmodCOLobl	36-nmod
102-38	10-punct	10-punct

103-0	1-det	1-det
103-1	9-nmod	9-nsubj
103-2	1-case	4-case
103-3	6-det	4-det
103-4	6-nmodCOLatt	1-nmod
103-5	6-amodCOLatt	4-amod
103-6	7-nmodCOLatt	5-nmod
103-7	9-nsubj	6-nmod
103-8	9-nmodCOLobl	7-nmod
103-9	19-root	19-root
103-10	9-compoundCOLpreverb	9-advmod
103-11	12-det	12-det
103-12	9-dobj	10-nmod
103-13	9-punct	9-punct
103-14	16-nsubj	9-nmod
103-15	16-neg	9-advmod
103-16	9-acl	9-conj
103-17	16-nmodCOLobl	16-nmod
103-18	9-punct	9-punct

104-0	3-det	1-det
104-1	2-name	11-nsubj
104-2	3-name	1-nmod
104-3	4-nmodCOLatt	2-nmod
104-4	11-nsubj	3-nmod
104-5	11-nmod	4-nmod
104-6	5-case	8-case
104-7	10-det	8-det
104-8	9-name	5-nmod
104-9	10-name	8-nmod
104-10	11-nmodCOLobl	9-nmod
104-11	19-root	19-root
104-12	11-cc	11-cc
104-13	11-conj	11-conj
104-14	15-det	15-det
104-15	16-nmodCOLatt	13-nmod
104-16	17-nmodCOLatt	15-nmod
104-17	13-dobj	16-nmod
104-18	11-punct	11-punct

105-0	1-name	5-nsubj
105-1	5-nsubj	0-nmod
105-2	3-det	3-det
105-3	4-nmodCOLatt	0-nmod
105-4	5-nmodCOLobl	3-nmod
105-5	9-root	9-root
105-6	7-det	7-det
105-7	5-dobj	5-nmod
105-8	5-punct	5-punct

106-0	1-name	3-nsubj
106-1	4-nsubj	0-nmod
106-2	4-cc	0-cc
106-3	4-neg	4-advmod
106-4	9-root	9-root
106-5	4-compoundCOLpreverb	4-advmod
106-6	7-det	7-det
106-7	4-dobj	5-nmod
106-8	4-punct	4-punct

107-0	1-name	2-nsubj
107-1	2-nmodCOLobl	0-nmod
107-2	16-root	16-root
107-3	2-punct	2-punct
107-4	8-dobj	2-nmod
107-5	4-cc	2-cc
107-6	7-nmodCOLatt	2-nmod
107-7	4-conj	6-nmod
107-8	2-advmodCOLmode	2-advmod
107-9	8-punct	2-punct
107-10	12-mark	11-mark
107-11	12-amodCOLmode	16-root
107-12	7-ccompCOLobl	11-conj
107-13	12-dobj	12-nmod
107-14	12-compoundCOLpreverb	12-advmod
107-15	2-punct	11-punct

108-0	1-det	1-det
108-1	5-dobj	5-nsubj
108-2	3-amodCOLatt	1-amod
108-3	4-nmodCOLatt	2-nmod
108-4	5-nmodCOLobl	3-nmod
108-5	8-root	8-root
108-6	5-compoundCOLpreverb	5-advmod
108-7	5-punct	5-punct

109-0	3-advmodCOLmode	1-advmod
109-1	3-det	3-det
109-2	3-amodCOLatt	3-amod
109-3	16-root	14-nsubj
109-4	3-punct	3-punct
109-5	6-name	3-nmod
109-6	7-name	5-nmod
109-7	14-dobj	6-nmod
109-8	14-advmodCOLmode	9-advmod
109-9	14-nmodCOLobl	3-amod
109-10	14-punct	9-punct
109-11	7-remnant	9-nmod
109-12	14-cc	11-cc
109-13	9-remnant	11-amod
109-14	3-conj	16-root
109-15	3-punct	14-punct

110-0	1-det	1-det
110-1	7-nsubj	7-nsubj
110-2	3-det	3-det
110-3	5-nmodCOLatt	1-nmod
110-4	5-amodCOLatt	3-amod
110-5	7-nmod	4-nmod
110-6	5-case	7-mark
110-7	9-root	9-root
110-8	7-punct	7-punct

111-0	3-det	1-det
111-1	2-name	4-nsubj
111-2	3-name	1-nmod
111-3	10-nsubj	2-nmod
111-4	5-amodCOLatt	5-amod
111-5	10-nmodCOLobl	10-nsubj
111-6	10-cc	5-cc
111-7	9-det	8-det
111-8	9-amodCOLatt	5-amod
111-9	10-iobj	8-nmod
111-10	13-root	13-root
111-11	10-dobjCOLlvc	10-nmod
111-12	10-punct	10-punct

112-0	27-root	27-root
112-1	2-det	2-det
112-2	0-dobj	0-nmod
112-3	5-det	5-det
112-4	5-amodCOLatt	5-amod
112-5	6-nmodCOLatt	2-nmod
112-6	0-nmodCOLobl	5-nmod
112-7	11-punct	0-punct
112-8	9-amodCOLatt	9-amod
112-9	10-nmodCOLobl	0-nmod
112-10	11-amodCOLatt	9-amod
112-11	6-appos	10-nmod
112-12	11-punct	10-punct
112-13	14-nummod	9-nummod
112-14	6-nmodCOLobl	13-nmod
112-15	14-case	14-case
112-16	6-punct	0-punct
112-17	6-cc	0-cc
112-18	19-compound	19-nummod
112-19	20-nummod	20-nummod
112-20	21-nmodCOLatt	0-nmod
112-21	6-conj	20-nmod
112-22	21-punct	0-punct
112-23	24-amodCOLatt	24-amod
112-24	25-nmodCOLatt	0-nmod
112-25	21-nmodCOLobl	24-nmod
112-26	0-punct	0-punct

113-0	4-advmodCOLmode	1-advmod
113-1	2-det	2-det
113-2	3-nmodCOLatt	25-root
113-3	4-nmodCOLobl	2-nmod
113-4	8-advcl	3-acl
113-5	8-punct	4-punct
113-6	8-nsubj	4-nmod
113-7	8-neg	4-advmod
113-8	25-root	4-conj
113-9	10-amodCOLatt	10-amod
113-10	8-dobjCOLlvc	8-nmod
113-11	8-punct	8-punct
113-12	13-mark	13-mark
113-13	9-advcl	8-nmod
113-14	8-punct	13-punct
113-15	18-dobj	13-nmod
113-16	8-cc	8-cc
113-17	18-neg	8-advmod
113-18	8-conj	8-conj
113-19	18-compoundCOLpreverb	18-advmod
113-20	23-det	21-det
113-21	23-nmodCOLatt	18-nmod
113-22	23-amodCOLatt	21-amod
113-23	18-nsubj	22-nmod
113-24	8-punct	2-punct

114-0	1-det	1-det
114-1	2-nmodCOLatt	4-nmod
114-2	4-nmodCOLobl	1-nmod
114-3	4-advmodCOLtlocy	4-advmod
114-4	10-root	10-root
114-5	4-nsubj	4-nmod
114-6	8-det	7-det
114-7	8-name	5-nmod
114-8	4-nmodCOLobl	7-nmod
114-9	4-punct	4-punct

115-0	2-det	1-det
115-1	2-amodCOLatt	2-amod
115-2	3-nmodCOLobl	3-nmod
115-3	4-amodCOLatt	4-amod
115-4	9-nsubj	9-nsubj
115-5	7-det	6-det
115-6	7-amodCOLatt	4-amod
115-7	9-dobj	6-nmod
115-8	9-nmodCOLobl	7-nmod
115-9	11-root	11-root
115-10	9-punct	9-punct

116-0	2-det	1-det
116-1	2-amodCOLatt	2-amod
116-2	4-nmodCOLatt	3-nsubj
116-3	4-amodCOLatt	4-amod
116-4	8-dobj	8-nsubj
116-5	8-cc	4-cc
116-6	8-nmodCOLobl	4-nmod
116-7	6-case	8-mark
116-8	10-root	10-root
116-9	8-punct	8-punct

117-0	3-det	1-det
117-1	2-name	10-nsubj
117-2	3-name	1-nmod
117-3	7-nmodCOLatt	2-nmod
117-4	5-punct	3-punct
117-5	3-appos	3-nmod
117-6	5-punct	5-punct
117-7	10-nsubj	5-nmod
117-8	9-nummod	7-nummod
117-9	10-nmod	7-nmod
117-10	25-root	25-root
117-11	10-punct	10-punct
117-12	13-det	13-det
117-13	17-nmod	10-nmod
117-14	13-case	15-case
117-15	17-advmodCOLtlocy	10-advmod
117-16	17-neg	10-advmod
117-17	10-conj	10-conj
117-18	17-compoundCOLpreverb	17-advmod
117-19	21-det	20-det
117-20	21-name	17-nmod
117-21	22-amodCOLobl	17-conj
117-22	23-amodCOLatt	17-conj
117-23	17-nsubj	22-nmod
117-24	10-punct	10-punct

118-0	1-neg	1-advmod
118-1	11-ccompCOLobj	5-amod
118-2	1-punct	1-punct
118-3	9-mark	5-mark
118-4	5-det	5-det
118-5	9-nmodCOLatt	9-nsubj
118-6	7-det	7-det
118-7	9-nmodCOLobl	5-nmod
118-8	9-nsubj	7-nmod
118-9	1-csubj	42-root
118-10	1-punct	9-punct
118-11	42-root	9-conj
118-12	11-compoundCOLpreverb	25-mark
118-13	14-name	12-nmod
118-14	11-nmodCOLobl	13-nmod
118-15	14-punct	12-punct
118-16	17-det	17-det
118-17	18-nmodCOLatt	12-nmod
118-18	19-nmodCOLatt	17-nmod
118-19	14-appos	18-nmod
118-20	11-punct	12-punct
118-21	25-nmod	12-nmod
118-22	21-case	23-case
118-23	24-nummod	24-nummod
118-24	25-nmodCOLobl	12-nmod
118-25	14-acl	11-conj
118-26	25-compoundCOLpreverb	25-advmod
118-27	25-punct	25-punct
118-28	34-mark	29-mark
118-29	30-amodCOLatt	30-amod
118-30	36-nmod	25-nmod
118-31	30-cc	30-cc
118-32	30-conj	30-nmod
118-33	30-case	34-case
118-34	25-csubj	9-conj
118-35	34-aux	34-aux
118-36	34-xcomp	34-conj
118-37	39-det	39-det
118-38	39-amodCOLatt	39-amod
118-39	40-nmodCOLatt	36-nmod
118-40	36-dobj	39-nmod
118-41	11-punct	9-punct

119-0	1-det	1-det
119-1	8-nsubj	8-nsubj
119-2	8-advmodCOLmode	3-advmod
119-3	8-advmodCOLtlocy	1-advmod
119-4	5-det	5-det
119-5	6-nmodCOLatt	1-nmod
119-6	8-nmod	5-nmod
119-7	6-case	8-mark
119-8	12-root	12-root
119-9	10-amodCOLatt	8-conj
119-10	8-nmodCOLobl	9-nmod
119-11	8-punct	8-punct

120-0	3-cc	3-cc
120-1	3-nsubj	0-nmod
120-2	1-cc	3-cc
120-3	17-root	17-root
120-4	3-punct	3-punct
120-5	13-mark	10-mark
120-6	13-nsubj	10-nmod
120-7	8-amodCOLmode	6-amod
120-8	11-amodCOLatt	6-amod
120-9	8-punct	8-punct
120-10	8-conj	11-amod
120-11	13-nmod	3-nmod
120-12	11-case	13-mark
120-13	3-csubj	3-conj
120-14	13-dobj	13-nmod
120-15	14-nmodCOLobl	14-nmod
120-16	3-punct	3-punct

121-0	1-amodCOLatt	1-amod
121-1	2-nsubj	2-nsubj
121-2	18-root	18-root
121-3	4-det	4-det
121-4	5-nmodCOLatt	2-nmod
121-5	2-nmod	4-nmod
121-6	5-case	5-case
121-7	2-punct	4-punct
121-8	12-advmodCOLtlocy	10-advmod
121-9	11-det	10-det
121-10	11-amodCOLatt	11-amod
121-11	12-nmodCOLobl	4-nmod
121-12	2-advcl	4-conj
121-13	16-det	14-det
121-14	15-nmodCOLobl	12-nmod
121-15	16-amodCOLatt	12-conj
121-16	12-dobj	15-nmod
121-17	2-punct	2-punct

122-0	14-nmodCOLobl	14-dobj
122-1	14-cc	0-cc
122-2	13-neg	0-advmod
122-3	4-det	4-det
122-4	5-nmodCOLobl	0-nmod
122-5	13-amodCOLatt	4-amod
122-6	13-punct	5-punct
122-7	8-nummod	4-nummod
122-8	9-dobj	7-nmod
122-9	13-amodCOLatt	8-amod
122-10	11-nummod	9-nummod
122-11	13-nmodCOLatt	10-nmod
122-12	13-amodCOLatt	13-amod
122-13	14-dobj	0-nmod
122-14	27-root	27-root
122-15	14-punct	14-punct
122-16	14-cc	14-cc
122-17	18-nummod	18-nummod
122-18	19-nmodCOLatt	14-nmod
122-19	13-remnant	18-nmod
122-20	24-punct	21-punct
122-21	24-nsubj	19-nmod
122-22	23-advmodCOLmode	14-advmod
122-23	24-nummod	24-nummod
122-24	14-parataxis	14-nmod
122-25	24-punct	14-punct
122-26	14-punct	14-punct

123-0	1-det	1-det
123-1	2-nmodCOLatt	6-nsubj
123-2	6-nmodCOLobl	1-nmod
123-3	6-advmodCOLtto	4-advmod
123-4	5-advmodCOLmode	5-advmod
123-5	6-nsubj	1-nmod
123-6	24-root	24-root
123-7	6-compoundCOLpreverb	6-advmod
123-8	6-punct	6-punct
123-9	20-mark	15-mark
123-10	20-nmodCOLobl	14-nsubj
123-11	20-nmodCOLobl	10-nmod
123-12	11-punct	10-punct
123-13	15-det	14-det
123-14	15-amodCOLatt	15-amod
123-15	11-appos	6-nmod
123-16	20-advmodCOLmode	6-advmod
123-17	20-advmodCOLtlocy	6-advmod
123-18	19-amodCOLatt	19-amod
123-19	20-nmodCOLobl	6-nmod
123-20	6-csubj	6-conj
123-21	22-det	22-det
123-22	20-nsubj	20-nmod
123-23	6-punct	6-punct

124-0	1-det	1-det
124-1	2-nmodCOLobl	25-root
124-2	3-amodCOLatt	1-amod
124-3	5-nmod	2-nmod
124-4	3-case	5-case
124-5	25-root	3-acl
124-6	5-compoundCOLpreverb	5-advmod
124-7	8-det	8-det
124-8	5-dobj	6-nmod
124-9	5-punct	5-punct
124-10	11-det	11-det
124-11	14-dobj	5-nmod
124-12	5-cc	5-cc
124-13	14-nmodCOLobl	5-nmod
124-14	5-conj	5-conj
124-15	16-det	16-det
124-16	14-nmodCOLobl	14-nmod
124-17	14-punct	14-punct
124-18	22-mark	22-mark
124-19	20-det	20-det
124-20	22-nsubj	22-nsubj
124-21	22-neg	22-advmod
124-22	14-advcl	14-advcl
124-23	22-compoundCOLpreverb	22-advmod
124-24	5-punct	1-punct

125-0	2-det	1-det
125-1	2-amodCOLatt	2-amod
125-2	4-dobj	4-nsubj
125-3	4-amodCOLobl	2-amod
125-4	12-root	12-root
125-5	4-punct	4-punct
125-6	8-advmodCOLtlocy	4-advmod
125-7	8-advmodCOLmode	4-advmod
125-8	4-advcl	4-conj
125-9	10-det	10-det
125-10	8-dobj	8-nmod
125-11	4-punct	4-punct

126-0	3-det	1-det
126-1	2-nmodCOLobl	2-nsubj
126-2	3-amodCOLatt	3-amod
126-3	4-nmodCOLatt	9-nsubj
126-4	9-nmod	3-nmod
126-5	4-case	7-case
126-6	7-nummod	7-nummod
126-7	8-nmodCOLatt	4-nmod
126-8	9-dobj	7-nmod
126-9	17-root	17-root
126-10	13-det	11-det
126-11	12-name	9-nmod
126-12	13-amodCOLatt	13-amod
126-13	9-nmodCOLobl	11-nmod
126-14	15-det	15-det
126-15	9-nsubj	13-nmod
126-16	9-punct	9-punct

127-0	1-name	5-nsubj
127-1	2-appos	0-nmod
127-2	5-nsubj	1-nmod
127-3	4-det	4-det
127-4	5-nmodCOLobl	2-nmod
127-5	22-root	14-advcl
127-6	5-punct	5-punct
127-7	13-mark	14-mark
127-8	13-nsubj	14-nmod
127-9	13-advmodCOLtlocy	10-advmod
127-10	13-det	13-det
127-11	13-amodCOLatt	13-amod
127-12	13-amodCOLatt	11-conj
127-13	5-ccompCOLobj	8-nmod
127-14	13-cop	22-root
127-15	13-aux	14-auxpass
127-16	13-punct	14-punct
127-17	13-cc	14-cc
127-18	19-amodCOLatt	19-amod
127-19	20-dobj	14-nmod
127-20	13-conj	14-conj
127-21	5-punct	14-punct

128-0	1-det	1-det
128-1	7-nsubj	7-nmod
128-2	6-det	3-det
128-3	4-nmodCOLobl	1-nmod
128-4	6-amodCOLatt	3-amod
128-5	6-amodCOLatt	1-amod
128-6	8-dobj	1-nmod
128-7	12-root	12-root
128-8	7-xcomp	7-conj
128-9	10-det	10-det
128-10	8-nmodCOLobl	8-nmod
128-11	7-punct	7-punct

129-0	1-advmodCOLmode	1-advmod
129-1	7-advcl	20-root
129-2	7-punct	1-punct
129-3	7-nmodCOLobl	1-nmod
129-4	5-compound	3-nummod
129-5	6-nummod	3-nummod
129-6	7-dobj	3-nmod
129-7	20-root	1-conj
129-8	7-punct	7-punct
129-9	18-dobj	7-nmod
129-10	18-advmodCOLtlocy	7-advmod
129-11	18-advmodCOLtlocy	7-advmod
129-12	13-name	11-nmod
129-13	17-nmodCOLatt	12-nmod
129-14	17-det	15-det
129-15	17-amodCOLatt	13-conj
129-16	17-amodCOLatt	17-amod
129-17	18-iobj	7-nmod
129-18	6-acl	7-conj
129-19	7-punct	1-punct

130-0	6-nummod	2-nummod
130-1	6-punct	0-punct
130-2	4-nmodCOLobl	7-nmod
130-3	4-amodCOLmode	2-amod
130-4	6-amodCOLatt	2-amod
130-5	6-amodCOLatt	2-amod
130-6	7-dobj	5-nmod
130-7	20-root	20-root
130-8	7-nmodCOLobllvc	7-nmod
130-9	7-nmodCOLobl	8-nmod
130-10	7-advmodCOLtlocy	7-advmod
130-11	12-det	12-det
130-12	7-nsubj	10-nmod
130-13	14-det	14-det
130-14	7-nmodCOLobl	12-nmod
130-15	14-punct	7-punct
130-16	18-det	17-det
130-17	18-amodCOLatt	7-conj
130-18	14-appos	17-nmod
130-19	7-punct	7-punct

131-0	3-det	1-det
131-1	2-nmodCOLobllvc	4-nsubj
131-2	3-amodCOLatt	1-amod
131-3	4-nmodCOLobl	2-nmod
131-4	34-root	34-root
131-5	7-det	6-det
131-6	7-amodCOLatt	7-amod
131-7	4-nmodCOLobl	4-nmod
131-8	11-det	7-det
131-9	11-det	10-det
131-10	11-nummod	11-nummod
131-11	4-nsubj	8-nmod
131-12	4-punct	4-punct
131-13	24-nmod	4-nmod
131-14	13-case	15-case
131-15	16-det	13-det
131-16	24-nsubj	15-nmod
131-17	20-punct	18-punct
131-18	20-advmodCOLmode	15-advmod
131-19	20-det	20-det
131-20	24-parataxis	15-nmod
131-21	20-case	20-case
131-22	20-punct	23-punct
131-23	24-dobj	15-nmod
131-24	11-acl	15-conj
131-25	24-punct	24-punct
131-26	27-det	27-det
131-27	31-dobj	24-nmod
131-28	24-cc	27-cc
131-29	30-amodCOLatt	30-amod
131-30	31-nmodCOLobl	24-nmod
131-31	24-conj	24-conj
131-32	31-nmodCOLobl	31-nmod
131-33	4-punct	4-punct

132-0	2-det	1-det
132-1	2-nummod	2-nummod
132-2	12-nsubj	12-nsubj
132-3	5-punct	2-punct
132-4	5-det	5-det
132-5	12-parataxis	2-nmod
132-6	5-case	5-case
132-7	5-punct	2-punct
132-8	11-det	9-det
132-9	10-mark	11-mark
132-10	11-advcl	11-nummod
132-11	12-nmod	2-nmod
132-12	22-root	22-root
132-13	12-advmodCOLtlocy	12-advmod
132-14	12-dobj	12-nmod
132-15	14-cc	14-cc
132-16	14-conj	14-nmod
132-17	20-det	18-det
132-18	20-amodCOLatt	16-amod
132-19	20-nmodCOLatt	18-nmod
132-20	12-nmodCOLobl	19-nmod
132-21	12-punct	12-punct

133-0	1-det	1-det
133-1	5-nsubj	5-nsubj
133-2	3-nummod	1-nummod
133-3	4-nmodCOLatt	2-nmod
133-4	5-dobj	3-nmod
133-5	14-root	14-root
133-6	8-det	7-det
133-7	8-amodCOLatt	8-amod
133-8	5-nmodCOLobl	5-nmod
133-9	5-punct	5-punct
133-10	11-advmodCOLtlocy	5-advmod
133-11	5-advcl	5-conj
133-12	11-dobj	11-nmod
133-13	5-punct	5-punct

134-0	1-nmodCOLobllvc	1-nsubj
134-1	9-root	9-root
134-2	3-advmodCOLtlocy	1-advmod
134-3	1-advmodCOLtlocy	1-advmod
134-4	6-det	5-det
134-5	6-amodCOLatt	6-amod
134-6	7-nmodCOLatt	1-nmod
134-7	1-nsubj	6-nmod
134-8	1-punct	1-punct

135-0	2-det	1-det
135-1	2-amodCOLatt	2-amod
135-2	11-dobj	8-nsubj
135-3	11-punct	2-punct
135-4	8-nsubj	2-nmod
135-5	7-det	6-det
135-6	7-amodCOLatt	2-amod
135-7	8-nmodCOLobl	6-nmod
135-8	2-acl	31-root
135-9	11-punct	8-punct
135-10	11-nmodCOLobl	8-nmod
135-11	31-root	8-advcl
135-12	11-punct	11-punct
135-13	11-cc	11-cc
135-14	18-mark	16-mark
135-15	16-det	16-det
135-16	18-nsubj	11-nmod
135-17	18-advmodCOLmode	11-advmod
135-18	23-ccompCOLobj	11-advcl
135-19	18-compoundCOLpreverb	18-advmod
135-20	23-punct	18-punct
135-21	23-advmodCOLtlocy	18-advmod
135-22	23-neg	18-advmod
135-23	11-conj	18-conj
135-24	11-punct	23-punct
135-25	26-det	26-det
135-26	27-nmodCOLatt	23-nmod
135-27	29-nsubj	26-nmod
135-28	29-nmodCOLobl	27-nmod
135-29	11-conj	23-conj
135-30	11-punct	8-punct

136-0	2-det	1-det
136-1	2-amodCOLatt	2-amod
136-2	8-nsubj	8-nsubj
136-3	4-det	4-det
136-4	9-nmodCOLobl	2-nmod
136-5	6-amodCOLatt	4-nmod
136-6	8-nmod	4-nummod
136-7	6-case	8-case
136-8	23-root	23-root
136-9	8-xcomp	8-conj
136-10	8-punct	9-punct
136-11	13-det	12-det
136-12	13-amodCOLatt	13-amod
136-13	14-nmodCOLatt	9-nmod
136-14	18-nsubj	13-nmod
136-15	14-cc	14-cc
136-16	17-amodCOLatt	17-amod
136-17	14-conj	9-nmod
136-18	8-conj	9-conj
136-19	20-det	20-det
136-20	21-nmodCOLatt	18-nmod
136-21	18-dobj	20-nmod
136-22	8-punct	8-punct

137-0	1-det	1-det
137-1	2-nmodCOLobl	2-nsubj
137-2	36-root	36-root
137-3	4-det	4-det
137-4	11-amodCOLatt	2-conj
137-5	4-punct	2-punct
137-6	7-det	7-det
137-7	4-conj	2-conj
137-8	4-cc	7-cc
137-9	10-det	10-det
137-10	4-conj	2-conj
137-11	2-dobj	10-nmod
137-12	4-cc	2-cc
137-13	2-punct	2-punct
137-14	16-det	15-det
137-15	16-amodCOLatt	16-amod
137-16	22-nmod	2-nmod
137-17	16-case	16-case
137-18	2-cc	16-cc
137-19	22-advmodCOLmode	2-advmod
137-20	21-det	21-det
137-21	22-nsubj	2-nmod
137-22	2-conj	21-acl
137-23	22-compoundCOLpreverb	22-advmod
137-24	25-det	25-det
137-25	22-nmodCOLobl	23-nmod
137-26	2-punct	22-punct
137-27	2-cc	22-cc
137-28	32-advmodCOLtto	22-advmod
137-29	32-advmodCOLtlocy	22-advmod
137-30	31-det	31-det
137-31	32-nsubj	22-nmod
137-32	2-conj	22-conj
137-33	34-det	34-det
137-34	32-dobj	32-nmod
137-35	2-punct	2-punct

138-0	1-amodCOLatt	1-amod
138-1	3-nsubj	3-nmod
138-2	3-neg	3-advmod
138-3	19-root	19-root
138-4	3-punct	3-punct
138-5	6-det	6-det
138-6	7-nmodCOLatt	3-nmod
138-7	17-dobj	6-nmod
138-8	7-punct	7-punct
138-9	7-conj	7-nmod
138-10	11-det	11-det
138-11	17-nmod	9-nmod
138-12	11-case	14-case
138-13	14-det	14-det
138-14	15-nmodCOLatt	11-nmod
138-15	17-nsubj	14-nmod
138-16	15-cc	3-cc
138-17	3-conj	3-conj
138-18	3-punct	3-punct
